"run","susceptibility","hh","infRate","detections3Days","importationCount","meanLos","patientDays","patientDaysAtRisk","patientsIsolated","totalAcquisitions","admissionCount","acquirersWhoProgress","totalProgressions","grossInfRate","acquisitionRate","overallHHAdherence","nurseHHAdherence","cnaHHAdherence","doctorHHAdherence","ptHHAdherence","rtHHAdherence","ppeEfficacy","ppeAdherence","scenario","universalPpe","all_cause_isolation","surveillanceSensitivity","surveillanceSpecificity","isSurveillance"
1,0.025,0.0,180.84176426591623,161.0,0.0,8.828066391212436,15016.540931452353,8902.810733656625,814.0,1235.0,1720.0,160.0,161.0,107.21510415410201,822.4264200640744,0.4089632289869826,0.4159521291569345,0.4287724615717688,0.28396619519924876,0.4110600671803991,0.4438933359524628,0.9,0.6,0.0,0.0,0.2,0.95,0.7,0.0
11,0.025,0.0,190.82419784634234,170.0,0.0,8.481060572197261,15316.795393388255,8908.723417608146,916.0,1317.0,1825.0,169.0,170.0,110.98927395307722,859.8404340953099,0.4079571198079935,0.4140127145338959,0.4285372485046221,0.28167934430096114,0.41882741129250695,0.4399657785382547,0.9,0.6,0.0,0.0,0.2,0.95,0.7,0.0
21,0.025,0.0,220.09615975749804,196.0,0.0,8.523010796904984,15537.448682757786,8905.198537582519,894.0,1393.0,1842.0,194.0,196.0,126.14683658939776,896.5435886175055,0.40643038286114425,0.41367215707850485,0.427815751665288,0.27955542556303015,0.41121981424148607,0.4377223320158103,0.9,0.6,0.0,0.0,0.2,0.95,0.7,0.0
31,0.025,0.0,194.11086659183854,171.0,0.0,8.358737232022476,15329.92408352922,8809.398618551619,834.0,1311.0,1850.0,167.0,172.0,112.19885960479104,855.1901450109364,0.40843993752388863,0.4152272544845063,0.43035633642287263,0.28003029243854133,0.41447613374041253,0.44178690479087085,0.9,0.6,0.0,0.0,0.2,0.95,0.7,0.0
41,0.025,0.0,210.91049561007435,181.0,0.0,8.493289106330682,15033.121718205306,8581.839394784218,868.0,1299.0,1786.0,180.0,181.0,120.4008078912889,864.0919859159353,0.4078753645346697,0.4147782950702158,0.42742852240310575,0.28522154417617407,0.41045725546935413,0.4404895685738017,0.9,0.6,0.0,0.0,0.2,0.95,0.7,0.0
51,0.025,0.0,210.1397792511457,188.0,0.0,8.435644980290146,15757.784823181992,8946.426072681572,951.0,1404.0,1882.0,186.0,189.0,119.94071636385942,890.9881787029557,0.4062080282995668,0.4127458844199992,0.4309485284471072,0.2812803103782735,0.41011304838274604,0.4369791409832832,0.9,0.6,0.0,0.0,0.2,0.95,0.7,0.0
61,0.025,0.0,205.17319532199352,181.0,0.0,8.525946830289,15261.44482621731,8821.815136033889,856.0,1340.0,1807.0,177.0,181.0,118.59951797556151,878.0295805925548,0.4075773425932704,0.41255850591942245,0.43063684050808515,0.2832494820952945,0.41559014585120724,0.44413462004752435,0.9,0.6,0.0,0.0,0.2,0.95,0.7,0.0
71,0.025,0.0,217.44706561836838,186.0,0.0,8.5983807656958,15038.567959201957,8553.805933000736,825.0,1366.0,1769.0,185.0,186.0,123.68198920575304,908.3311680379497,0.40910013356175695,0.4154800437668462,0.4267000747285595,0.2868333574215927,0.41724987678659436,0.44402235184549776,0.9,0.6,0.0,0.0,0.2,0.95,0.7,0.0
81,0.025,0.0,216.41258721412154,190.0,0.0,8.680457085048516,15381.769954705971,8779.52629492902,868.0,1345.0,1791.0,192.0,192.0,124.82308639732231,874.411725022909,0.40763424013673266,0.41306586528338723,0.4302556601095998,0.28344975819451906,0.41250989707046715,0.445025788534021,0.9,0.6,0.0,0.0,0.2,0.95,0.7,0.0
91,0.025,0.0,197.7868123567383,171.0,0.0,8.578684372742543,15184.271339754301,8645.672477474169,852.0,1348.0,1790.0,171.0,172.0,113.27510958638017,887.7607425723282,0.4085962758774015,0.4146075497975956,0.4289227956380733,0.2831638616175783,0.41967955501956633,0.4414955110072562,0.9,0.6,0.0,0.0,0.2,0.95,0.7,0.0
101,0.025,0.0,219.61739755932317,195.0,0.0,8.559157548066189,15389.365271423007,8879.077985947197,876.0,1327.0,1817.0,194.0,195.0,126.71087894840055,862.2837762283464,0.40776510210374023,0.41441990878719187,0.4294563870715326,0.28277897936517216,0.41387930603469825,0.43967762543613936,0.9,0.6,0.0,0.0,0.2,0.95,0.7,0.0
111,0.025,0.0,224.49724137680522,195.0,0.0,8.361352537917735,15234.384324086115,8686.075552826243,828.0,1363.0,1839.0,192.0,195.0,127.99992165859825,894.6866319008687,0.4077377368158816,0.41485458783964535,0.4282542446669569,0.27789461385675895,0.41398216287343437,0.441833542698096,0.9,0.6,0.0,0.0,0.2,0.95,0.7,0.0
121,0.025,0.0,232.11810096259825,192.0,0.0,8.342363187885898,14665.87448430341,8271.651336271161,846.0,1284.0,1777.0,189.0,193.0,131.5980170200993,875.501833439417,0.40724858634394084,0.413488384494376,0.4267977577297013,0.2814853893724904,0.4170731707317073,0.4406027934329821,0.9,0.6,0.0,0.0,0.2,0.95,0.7,0.0
131,0.025,0.0,203.09743753086252,178.0,0.0,8.38374861714884,15426.097455553865,8764.266165246485,912.0,1405.0,1860.0,178.0,179.0,116.03712508347634,910.7941940909735,0.40646738242253283,0.4118952507767421,0.4314964443759495,0.28316067438553727,0.4138375058811876,0.4408591556234297,0.9,0.6,0.0,0.0,0.2,0.95,0.7,0.0
141,0.025,0.0,211.22749721616836,188.0,0.0,8.500010529937581,15495.519196076211,8900.356368262152,835.0,1359.0,1839.0,186.0,190.0,122.61609152671177,877.0277283410595,0.4096278753155402,0.41553937799665064,0.43233895373973197,0.28402975857911605,0.4155245543923309,0.44504544556411774,0.9,0.6,0.0,0.0,0.2,0.95,0.7,0.0
151,0.025,0.0,234.95882499376927,202.0,0.0,8.534787147633192,15413.825588625547,8597.251029211468,908.0,1428.0,1818.0,201.0,203.0,131.69994615081248,926.4410005091637,0.40859867044021,0.4146770947676546,0.4284339668029829,0.2839691953616004,0.4134131913635019,0.4460726558664703,0.9,0.6,0.0,0.0,0.2,0.95,0.7,0.0
161,0.025,0.0,245.87920743099514,211.0,0.0,8.537582689269524,15248.12268303537,8581.449493211669,851.0,1356.0,1806.0,208.0,211.0,138.37769041217948,889.2898018905942,0.4081125847374527,0.41517427746988506,0.42724397426109717,0.2803182086034178,0.4130551096843232,0.44300595238095236,0.9,0.6,0.0,0.0,0.2,0.95,0.7,0.0
171,0.025,0.0,219.73806576732503,193.0,0.0,8.645044291279882,15448.694148517148,8783.184621473947,885.0,1408.0,1804.0,194.0,194.0,125.57695694857239,911.4038937298449,0.40767325852814673,0.41448995112182857,0.43303022315937445,0.28158876843788877,0.40927707870713054,0.4386328838840322,0.9,0.6,0.0,0.0,0.2,0.95,0.7,0.0
181,0.025,0.0,225.69216214327454,196.0,0.0,8.235242639345422,15506.961889887429,8684.395511952902,925.0,1444.0,1902.0,194.0,196.0,126.39484213075785,931.1946532490527,0.4083067574606901,0.41431600664794543,0.4291217760365655,0.28272679478941526,0.41759976682616406,0.4420180722891566,0.9,0.6,0.0,0.0,0.2,0.95,0.7,0.0
191,0.025,0.0,219.807849860995,190.0,0.0,8.388339203204223,15333.88406345732,8643.91331429495,862.0,1349.0,1840.0,190.0,191.0,124.56074352040937,879.7510105184934,0.40965994682684725,0.4151522985446859,0.4329811205180372,0.2820535714285714,0.41502741051273784,0.4478488571288728,0.9,0.6,0.0,0.0,0.2,0.95,0.7,0.0
201,0.025,0.0,227.2753055345884,198.0,0.0,8.616009029436919,15293.41602725053,8711.901169124902,848.0,1369.0,1792.0,197.0,198.0,129.4674778003778,895.1564500440262,0.4091536132807902,0.414957158941282,0.43214480427434304,0.2860165806713433,0.4166281530490623,0.44221227157206827,0.9,0.6,0.0,0.0,0.2,0.95,0.7,0.0
211,0.025,0.0,226.28514726248258,200.0,0.0,8.520048631655904,15429.808071928841,8838.405985524416,908.0,1396.0,1830.0,199.0,200.0,129.6192402832646,904.7422971771869,0.40740347624674794,0.41341841357831977,0.42939908087034173,0.2831651991369759,0.4114232301864515,0.444688952625853,0.9,0.6,0.0,0.0,0.2,0.95,0.7,0.0
221,0.025,0.0,166.4637266574828,151.0,0.0,8.469125823334013,15532.376759994579,9071.045268060045,882.0,1349.0,1852.0,150.0,151.0,97.21628720011341,868.5084200857814,0.4072646051193177,0.4134696249178122,0.422823059886411,0.2816325329566855,0.41360962632105636,0.4477875250731047,0.9,0.6,0.0,0.0,0.2,0.95,0.7,0.0
231,0.025,0.0,218.98408401522326,194.0,0.0,8.300819222778347,15688.548331051075,8859.091329510211,928.0,1449.0,1907.0,192.0,194.0,123.65707515209134,923.6036180174245,0.40754490338324173,0.4147103536260227,0.42610810455511494,0.2771576609918579,0.41790427034133515,0.43844790230451053,0.9,0.6,0.0,0.0,0.2,0.95,0.7,0.0
241,0.025,0.0,255.03930917611206,216.0,0.0,8.65051103344614,14999.986131995605,8469.282664612525,854.0,1356.0,1753.0,216.0,216.0,144.0001331329653,904.0008357791709,0.40828581841266853,0.4156641594498797,0.4256805747808319,0.28060956384655805,0.4113301697568612,0.4450546780072904,0.9,0.6,0.0,0.0,0.2,0.95,0.7,0.0
251,0.025,0.0,217.0899663569968,188.0,0.0,8.53849619101199,15292.446678102475,8660.00410589408,851.0,1406.0,1808.0,188.0,188.0,122.93650843275493,919.4081428534757,0.40816495215424,0.4148526357903561,0.4315752889043357,0.276694166175604,0.41664611590628853,0.43992291157067676,0.9,0.6,0.0,0.0,0.2,0.95,0.7,0.0
261,0.025,0.0,215.79946919808447,186.0,0.0,8.6846526023835,14937.602476099619,8619.112952000301,828.0,1359.0,1737.0,183.0,186.0,124.51797421815363,909.7845535616708,0.40614028887161,0.4134907174311508,0.42508741068907857,0.27828187603111004,0.4124249479230486,0.43758610509742174,0.9,0.6,0.0,0.0,0.2,0.95,0.7,0.0
271,0.025,0.0,210.50721698692496,187.0,0.0,8.534605938385365,15362.290689093656,8883.305887399336,840.0,1381.0,1820.0,186.0,187.0,121.72663815869548,898.9544775249116,0.4090132361549064,0.4154315905036366,0.43279365424318156,0.28000345363495077,0.4186075726740534,0.44143746629406283,0.9,0.6,0.0,0.0,0.2,0.95,0.7,0.0
281,0.025,0.0,234.8203052092161,200.0,0.0,8.431067834578338,15260.23278058679,8517.151011357706,851.0,1434.0,1829.0,198.0,200.0,131.0595997293231,939.6973300592466,0.40855482608644406,0.4149878545906597,0.4317535337621986,0.2824618609526028,0.4122561305223844,0.44332573147653936,0.9,0.6,0.0,0.0,0.2,0.95,0.7,0.0
291,0.025,0.0,214.67447383633336,195.0,0.0,8.505294025015719,16006.96335507958,9083.520574908543,911.0,1469.0,1899.0,194.0,195.0,121.82198189272393,917.7255969251869,0.40710302388171243,0.4136190472551365,0.42801362285515954,0.28394842678022236,0.41280304152471237,0.43816636368102985,0.9,0.6,0.0,0.0,0.2,0.95,0.7,0.0
301,0.025,0.0,210.57036019611246,187.0,0.0,8.77618803123764,15244.23861025978,8880.64207259937,811.0,1334.0,1756.0,186.0,187.0,122.66929479452257,875.0847019031718,0.40701927317060516,0.4142507192515205,0.42866134213039325,0.2812062937062937,0.4129804384154134,0.43594571463504095,0.9,0.6,0.0,0.0,0.2,0.95,0.7,0.0
311,0.025,0.0,244.25279714346888,209.0,0.0,8.626481567414261,15286.12533745807,8556.708559502713,815.0,1428.0,1792.0,208.0,209.0,136.72529525049322,934.1804862091116,0.40968210310105885,0.4168034244924659,0.4298530750227539,0.28456254729611735,0.41509940236614223,0.44127413602262944,0.9,0.6,0.0,0.0,0.2,0.95,0.7,0.0
321,0.025,0.0,212.6454657886795,185.0,0.0,8.572095826998803,15249.75847623087,8699.926862482329,861.0,1406.0,1799.0,184.0,185.0,121.31339672582446,921.9818151162659,0.4087706943211179,0.41436504122712675,0.430619117520076,0.2808013650270652,0.4174649417341497,0.44532697908392904,0.9,0.6,0.0,0.0,0.2,0.95,0.7,0.0
331,0.025,0.0,240.88621286850048,198.0,0.0,8.854628939950157,14778.37570077681,8219.648507160016,815.0,1335.0,1685.0,195.0,198.0,133.97954146584075,903.3469083681687,0.40889288088603476,0.41611321646701793,0.4307178995115143,0.2765725402346283,0.41478935049736687,0.44181065952786563,0.9,0.6,0.0,0.0,0.2,0.95,0.7,0.0
341,0.025,0.0,212.20579121627787,181.0,0.0,8.443755403833766,15198.75972690078,8529.456192622318,867.0,1386.0,1820.0,178.0,181.0,119.08866463599803,911.9165148369793,0.4093066844995338,0.4147175598017111,0.4323882581123194,0.2827214452214452,0.41883792351892213,0.4455925406549069,0.9,0.6,0.0,0.0,0.2,0.95,0.7,0.0
351,0.025,0.0,226.74126420600507,196.0,0.0,8.561385985174713,15068.039333907496,8644.21395401257,813.0,1393.0,1778.0,195.0,197.0,130.74030113306935,924.4732968444955,0.40923325993736565,0.41537416679067035,0.43116934335356366,0.2840537916016832,0.41373982144609045,0.4446222480845699,0.9,0.6,0.0,0.0,0.2,0.95,0.7,0.0
361,0.025,0.0,232.29580303810485,201.0,0.0,8.285098576864906,15600.840620236619,8652.760720219676,892.0,1499.0,1899.0,202.0,202.0,129.4802023283129,960.8456598521834,0.40877574668337785,0.41480428294255994,0.43068263316888705,0.28359228781081963,0.41504308961157615,0.44273466151253843,0.9,0.6,0.0,0.0,0.2,0.95,0.7,0.0
371,0.025,0.0,214.7571149909403,185.0,0.0,8.380736262048085,15093.706007948602,8614.382811382262,898.0,1364.0,1821.0,184.0,185.0,122.56764501877528,903.6879340843756,0.4075697541012691,0.4138478003287085,0.4292730419731718,0.2821102286976772,0.41135618917200567,0.44218090228905843,0.9,0.6,0.0,0.0,0.2,0.95,0.7,0.0
381,0.025,0.0,220.23702427013595,191.0,0.0,8.595388682851993,15265.41030074514,8672.474604711571,847.0,1378.0,1794.0,189.0,191.0,125.11946697605426,902.694374308915,0.40865427882588656,0.41492689314032155,0.4302048077757528,0.2774609398205905,0.41685023389352277,0.4442134611621992,0.9,0.6,0.0,0.0,0.2,0.95,0.7,0.0
391,0.025,0.0,236.22632631716303,199.0,0.0,8.368003082688617,15112.61356733564,8424.12457165413,882.0,1429.0,1826.0,199.0,200.0,132.3397829957615,945.5677495047161,0.40638629944501814,0.4117476730585326,0.42986614000438883,0.28323481687528973,0.4127344111980881,0.44364532019704433,0.9,0.6,0.0,0.0,0.2,0.95,0.7,0.0
401,0.025,0.0,261.73157493419734,221.0,0.0,8.609049310340858,15134.708687579228,8443.765336893808,852.0,1401.0,1774.0,219.0,221.0,146.02197145781244,925.6867964361775,0.4080500539129448,0.4145124664541138,0.43301123008618436,0.2829062829062829,0.41161628654826105,0.4398675171736997,0.9,0.6,0.0,0.0,0.2,0.95,0.7,0.0
10,0.025,0.0,290.46868326262273,233.0,0.0,8.480147024550549,14874.177881061662,8021.5187875980655,811.0,1376.0,1772.0,231.0,234.0,157.31961918912992,925.0931453172768,0.4093693574460442,0.415863013070046,0.432407186149067,0.2802892779762253,0.4141968172762378,0.44502771917774614,0.9,0.6,0.0,0.0,0.2,0.95,0.7,0.0
20,0.025,0.0,222.8861474835977,187.0,0.0,8.21638020124471,14896.297304856662,8389.93369983935,859.0,1253.0,1831.0,186.0,187.0,125.53455142106496,841.1486252972962,0.40839968134100757,0.4149497818344232,0.42569736133548736,0.28766963713669985,0.4165452165106341,0.4399756542909312,0.9,0.6,0.0,0.0,0.2,0.95,0.7,0.0
30,0.025,0.0,200.93054641116453,178.0,0.0,8.280659154903693,15476.551960515002,8858.782458878019,940.0,1374.0,1887.0,176.0,179.0,115.65883696619176,887.7946479974719,0.4083606596050862,0.4145760074447555,0.42466644972339734,0.2859473247123028,0.4148387254542342,0.4444959500341563,0.9,0.6,0.0,0.0,0.2,0.95,0.7,0.0
40,0.025,0.0,226.43608693706034,196.0,0.0,8.645788170060797,15285.75348466749,8655.864118270147,851.0,1329.0,1785.0,191.0,196.0,128.22397024562744,869.4370227369329,0.40812129768883704,0.4140802653856002,0.43171414314538,0.2806732443412652,0.4138429853381062,0.44539783514559755,0.9,0.6,0.0,0.0,0.2,0.95,0.7,0.0
50,0.025,0.0,220.15610525247664,191.0,0.0,8.427541708810567,15304.41574319999,8675.662198009899,868.0,1357.0,1836.0,189.0,192.0,125.45398871911124,886.6722015199684,0.4079576086467758,0.4143144310518118,0.4286086843134698,0.28061164246073916,0.4161555203798971,0.44106106925354455,0.9,0.6,0.0,0.0,0.2,0.95,0.7,0.0
60,0.025,0.0,227.50902981034406,191.0,0.0,8.466755431904227,14706.754185217644,8395.2711749165,849.0,1257.0,1757.0,188.0,191.0,129.8723005732848,854.7093289037643,0.40629992343104543,0.4128065395095368,0.42833388031943986,0.2810592976396085,0.41360880861066435,0.4391957837204763,0.9,0.6,0.0,0.0,0.2,0.95,0.7,0.0
70,0.025,0.0,233.57450257954838,203.0,0.0,8.327407557146616,15480.65064873556,8691.017116941708,922.0,1398.0,1879.0,200.0,203.0,131.13143924385426,903.062818043883,0.40722120550209573,0.412711323946674,0.4313500639527191,0.2843054790149955,0.4145521472392638,0.44150970980239274,0.9,0.6,0.0,0.0,0.2,0.95,0.7,0.0
80,0.025,0.0,183.474097534085,168.0,0.0,8.351316422706892,15900.906468833924,9156.605878319675,914.0,1397.0,1923.0,166.0,168.0,105.65435393842682,878.5662645951326,0.4088456777875412,0.4154693093212407,0.43019281332164766,0.285676617935722,0.4144951740059435,0.4396486703486533,0.9,0.6,0.0,0.0,0.2,0.95,0.7,0.0
90,0.025,0.0,238.27091143818598,202.0,0.0,8.47675761828539,14961.477196273714,8477.744882106785,837.0,1372.0,1785.0,201.0,203.0,135.68178952981924,917.0217499256748,0.4070613478520808,0.4134842613625518,0.42797608657706404,0.2813577145527838,0.41214944009513427,0.4427619327648731,0.9,0.6,0.0,0.0,0.2,0.95,0.7,0.0
100,0.025,0.0,232.7158075527967,205.0,0.0,8.719294578830473,15345.958458741634,8809.02772165536,859.0,1397.0,1779.0,205.0,207.0,134.8889354526338,910.3374049629441,0.4087282655418204,0.4158134874346491,0.4301587995975327,0.2793083062370677,0.4149586917846611,0.4399303540336622,0.9,0.6,0.0,0.0,0.2,0.95,0.7,0.0
110,0.025,0.0,189.6166900575251,173.0,0.0,8.518521596474843,15801.857561460834,9123.66943793376,916.0,1377.0,1872.0,174.0,174.0,110.11363652863747,871.4165373559414,0.40808987062642554,0.4159894970125431,0.42858703250611674,0.2795604395604396,0.4077993192245079,0.44217338217338215,0.9,0.6,0.0,0.0,0.2,0.95,0.7,0.0
120,0.025,0.0,230.22697691657356,201.0,0.0,8.593537179518147,15545.708757748329,8730.514672606572,849.0,1391.0,1829.0,198.0,201.0,129.29613125539683,894.7806894341144,0.408899726845682,0.4145889132842106,0.4332380209687202,0.2822979096623301,0.4134157019165288,0.44661266568483066,0.9,0.6,0.0,0.0,0.2,0.95,0.7,0.0
130,0.025,0.0,255.50398730473682,215.0,0.0,8.339698194291692,15144.891920833714,8414.741478909753,862.0,1396.0,1832.0,210.0,215.0,141.96205633150825,921.7629332036536,0.40728863248144787,0.41262058488416253,0.4283154904959581,0.2817687631517419,0.4185256315556212,0.4430906172479206,0.9,0.6,0.0,0.0,0.2,0.95,0.7,0.0
140,0.025,0.0,226.34730462307942,198.0,0.0,8.389181821093262,15528.375550843626,8747.619077228057,924.0,1398.0,1867.0,196.0,199.0,128.1524904832616,900.2873452040187,0.40779735174505544,0.4139401858083728,0.4264432843319281,0.2849405702910006,0.4131773399014778,0.44470565187579586,0.9,0.6,0.0,0.0,0.2,0.95,0.7,0.0
150,0.025,0.0,231.35551744130382,206.0,0.0,8.539112305572273,15507.027946919246,8904.045266707908,900.0,1395.0,1832.0,205.0,207.0,133.48786157383842,899.5921106063023,0.408597484634646,0.4147164621649473,0.43164716628245836,0.28180793641378493,0.41535677096246343,0.4416894202149903,0.9,0.6,0.0,0.0,0.2,0.95,0.7,0.0
160,0.025,0.0,239.09602920598084,207.0,0.0,8.568858230418147,15295.411941296392,8657.609274709863,860.0,1420.0,1805.0,203.0,207.0,135.33470088577118,928.3829722598797,0.40666647849424425,0.41184855741817766,0.4305150631681244,0.28508167394938266,0.4148133681615116,0.43970028252057486,0.9,0.6,0.0,0.0,0.2,0.95,0.7,0.0
170,0.025,0.0,227.19852519666946,188.0,0.0,8.325092145569755,14768.713466240744,8274.70160016496,849.0,1331.0,1793.0,184.0,189.0,127.9732323550241,901.2294828811484,0.40756216276156254,0.4143256872153701,0.4314188303173354,0.27987861811391224,0.41299990221961475,0.43906906320211,0.9,0.6,0.0,0.0,0.2,0.95,0.7,0.0
180,0.025,0.0,203.87402189844005,176.0,0.0,8.476840217886958,15088.775587838785,8632.782066156251,849.0,1340.0,1796.0,174.0,176.0,116.64299662714319,888.0773606839311,0.409515147935983,0.4164529425234715,0.43222629009762903,0.27935533384497313,0.41421181727663503,0.44311481096080474,0.9,0.6,0.0,0.0,0.2,0.95,0.7,0.0
190,0.025,0.0,210.60240039066412,189.0,0.0,8.473971082098846,15600.580762143976,8974.256686980205,920.0,1409.0,1855.0,189.0,189.0,121.14933596486563,903.1715046269612,0.40505733871787175,0.41092922851607194,0.4250555347834693,0.27970282492511894,0.41571393219500125,0.43889430102289334,0.9,0.6,0.0,0.0,0.2,0.95,0.7,0.0
200,0.025,0.0,229.3024396673622,197.0,0.0,8.61413932346471,15324.553856443721,8591.273616005928,836.0,1381.0,1798.0,194.0,197.0,128.55186640044647,901.1681598934852,0.40864103181005484,0.4153528692877892,0.42898879344176516,0.282876064333018,0.41264750526367333,0.44284417400691906,0.9,0.6,0.0,0.0,0.2,0.95,0.7,0.0
210,0.025,0.0,216.6880203758519,184.0,0.0,8.637547101827218,14917.043844855605,8491.470810469655,806.0,1341.0,1745.0,184.0,185.0,124.01921045757359,898.9716822897632,0.4092139062477825,0.4154232756675298,0.4300661739429357,0.28418746484294044,0.41422522034565956,0.44451047392660825,0.9,0.6,0.0,0.0,0.2,0.95,0.7,0.0
220,0.025,0.0,233.95467938661878,201.0,0.0,8.685953945225984,15139.617726528892,8591.407554958114,842.0,1323.0,1760.0,202.0,203.0,134.0852877971196,873.8661859881244,0.4074678815403628,0.4140499063824573,0.4296797337597787,0.28101923469834506,0.41514699042909947,0.43875793514098715,0.9,0.6,0.0,0.0,0.2,0.95,0.7,0.0
230,0.025,0.0,220.61562786871005,194.0,0.0,8.530064670444178,15345.586342129076,8793.574683451292,890.0,1367.0,1819.0,190.0,194.0,126.42071516511638,890.8098846944025,0.4083830064584938,0.4133074994649791,0.43064583654672456,0.2840160075329567,0.4194507782294042,0.4449158813952341,0.9,0.6,0.0,0.0,0.2,0.95,0.7,0.0
240,0.025,0.0,250.15811087063236,209.0,0.0,8.573516201394195,14986.506320037053,8354.716114245162,821.0,1307.0,1765.0,208.0,212.0,141.46058826035704,872.1178719636163,0.40860717437574623,0.41425471159337524,0.4271823493503096,0.2874578875820084,0.4174766862387132,0.44295285602503914,0.9,0.6,0.0,0.0,0.2,0.95,0.7,0.0
250,0.025,0.0,259.6525546240913,218.0,0.0,8.612612340135565,14848.143674393714,8395.834977075683,831.0,1317.0,1742.0,215.0,218.0,146.8197000113561,886.9795638300734,0.4080218321076836,0.41459569094179327,0.42993713986380305,0.28425417591402874,0.4138356096839406,0.4395907802292617,0.9,0.6,0.0,0.0,0.2,0.95,0.7,0.0
260,0.025,0.0,246.48723439643229,212.0,0.0,8.525955632867673,15397.875872959017,8600.851095559558,850.0,1437.0,1823.0,212.0,213.0,138.33076831984337,933.2456059888026,0.408487244861892,0.41525201409773366,0.43243243243243246,0.28359915562331417,0.40867917097425294,0.4421755398498447,0.9,0.6,0.0,0.0,0.2,0.95,0.7,0.0
270,0.025,0.0,230.9063500596137,201.0,0.0,8.570189025858504,15503.471947778033,8704.827734192122,852.0,1418.0,1825.0,200.0,201.0,129.64837855484845,914.6338347799756,0.40814266089427875,0.4146873781657786,0.42504264461382335,0.28353296963946867,0.41152749090193763,0.44682004039607864,0.9,0.6,0.0,0.0,0.2,0.95,0.7,0.0
280,0.025,0.0,220.7734334695075,197.0,0.0,8.396802586185094,15584.465599959534,8923.175080628938,895.0,1444.0,1874.0,196.0,198.0,127.04959225583848,926.5636930173271,0.40654863112988243,0.4125840887747475,0.4298698214632672,0.2799673030886904,0.41242591957682323,0.44206738471397233,0.9,0.6,0.0,0.0,0.2,0.95,0.7,0.0
290,0.025,0.0,215.49261204713795,186.0,0.0,8.666482742927435,15201.010731094722,8631.386395711488,831.0,1379.0,1773.0,184.0,188.0,123.6759866338578,907.1765189792017,0.40784857032375,0.41363871189943174,0.4288100575849488,0.2819450241488283,0.41304561783376803,0.4459686173887299,0.9,0.6,0.0,0.0,0.2,0.95,0.7,0.0
300,0.025,0.0,211.47328396010238,185.0,0.0,8.511564039220632,15303.792142518696,8748.149957084084,870.0,1366.0,1817.0,184.0,185.0,120.88507101845198,892.5892270875968,0.40754214081708096,0.4133011095075558,0.4300863930885529,0.2811698157219501,0.41121014741172435,0.4470076169749728,0.9,0.6,0.0,0.0,0.2,0.95,0.7,0.0
310,0.025,0.0,228.00153036197207,201.0,0.0,8.27602897723498,15534.106390270055,8815.730301498204,894.0,1449.0,1896.0,199.0,203.0,130.68019163764134,932.7861954824745,0.4092160013571654,0.4157967896109831,0.42637286521353274,0.28296478296478295,0.41584935268732837,0.44672635151753654,0.9,0.6,0.0,0.0,0.2,0.95,0.7,0.0
320,0.025,0.0,242.32441003951143,208.0,0.0,8.767276216947595,15149.853302885444,8583.5347733266,852.0,1384.0,1746.0,207.0,208.0,137.29505879795173,913.5401989248326,0.4067780960723502,0.41342264962324465,0.4277402889523315,0.2818577051877093,0.4150177953657383,0.43701985433502943,0.9,0.6,0.0,0.0,0.2,0.95,0.7,0.0
330,0.025,0.0,247.08924670215646,212.0,0.0,8.548510251709166,15293.284840307697,8579.895840450987,866.0,1406.0,1807.0,210.0,212.0,138.62293301517727,919.3577538648078,0.4085440110263575,0.416044477322819,0.4301522043386984,0.28039010797631486,0.41529987155419423,0.43762560658791233,0.9,0.6,0.0,0.0,0.2,0.95,0.7,0.0
340,0.025,0.0,227.7675392226988,196.0,0.0,8.71055765984502,14990.869732593279,8605.264853318795,839.0,1314.0,1741.0,194.0,196.0,130.74624988158965,876.5335323694327,0.4077969565237958,0.4154001406684811,0.42428141492563354,0.2795774236852857,0.41298855699212367,0.44315055031446543,0.9,0.6,0.0,0.0,0.2,0.95,0.7,0.0
350,0.025,0.0,215.4375779031275,190.0,0.0,8.283954520789099,15631.82218072903,8819.25993827476,870.0,1427.0,1904.0,189.0,190.0,121.5469302319935,912.8814181108144,0.40715519076566453,0.4141661118381278,0.42716825672159586,0.2834009278440755,0.4132985981888103,0.4375644488092315,0.9,0.6,0.0,0.0,0.2,0.95,0.7,0.0
360,0.025,0.0,213.61429143742336,190.0,0.0,8.387967269348614,15618.395055527119,8894.53597516714,910.0,1417.0,1882.0,191.0,192.0,122.93196536353078,907.2635152089745,0.4073839433037213,0.4133552011403959,0.4287511865604097,0.2816933769889138,0.41609509629231856,0.4438235150568598,0.9,0.6,0.0,0.0,0.2,0.95,0.7,0.0
370,0.025,0.0,201.54336724652862,178.0,0.0,8.429928874261382,15418.339911024066,8831.84609009086,858.0,1401.0,1844.0,178.0,179.0,116.09550770898204,908.6581357557757,0.4067597749568856,0.4132767438502633,0.4267241379310345,0.2790340349046211,0.41711453041792435,0.44031562076192826,0.9,0.6,0.0,0.0,0.2,0.95,0.7,0.0
380,0.025,0.0,216.20492937030903,190.0,0.0,8.61519439024992,15197.20290440086,8787.95874605495,851.0,1368.0,1781.0,184.0,190.0,125.02300666458768,900.1656479850313,0.4074586383955397,0.4133225409275389,0.4300271446421647,0.28276830374118817,0.4129778920817053,0.4435234966148945,0.9,0.6,0.0,0.0,0.2,0.95,0.7,0.0
390,0.025,0.0,220.94524238773735,198.0,0.0,8.578923116220514,15562.16653282401,8961.49642600266,856.0,1387.0,1827.0,196.0,198.0,127.2316419326157,891.2640775784746,0.40729186145321217,0.41279379064079946,0.430355552659586,0.2806275339326635,0.41824393406648214,0.4407676550916894,0.9,0.6,0.0,0.0,0.2,0.95,0.7,0.0
400,0.025,0.0,233.10503591866836,197.0,0.0,8.774916644851631,14987.557629406585,8451.125872232738,836.0,1318.0,1724.0,195.0,197.0,131.44236364000557,879.3961181600372,0.4079902347346898,0.4156005441428222,0.43017723066177754,0.28118674454918746,0.4139579585499889,0.4357581541021312,0.9,0.6,0.0,0.0,0.2,0.95,0.7,0.0
2,0.025,0.0,217.85311772940915,195.0,0.0,8.506384061934027,15456.099840534127,8950.985050496522,889.0,1303.0,1834.0,193.0,195.0,126.16378129792234,843.0328565702196,0.40724359745525823,0.41291355836132554,0.43043974370227334,0.2809379197570519,0.4157097604434765,0.4424037613870115,0.9,0.6,0.0,0.0,0.2,0.95,0.7,0.0
12,0.025,0.0,209.23317953396315,182.0,0.0,8.346293435781583,15240.33181373717,8698.429207326431,901.0,1334.0,1842.0,182.0,182.0,119.41997210057511,875.3090262756439,0.40862522758789843,0.4149378700819375,0.4323265484788794,0.28168068208362534,0.41206871093173203,0.44431219180411496,0.9,0.6,0.0,0.0,0.2,0.95,0.7,0.0
22,0.025,0.0,246.53076203895142,209.0,0.0,8.254314247665604,15088.886444732723,8477.643855535496,880.0,1363.0,1848.0,204.0,209.0,138.5125408462189,903.3138429349108,0.4083064960755687,0.4148504330675555,0.4297645666184401,0.28530661989833833,0.41379395010803377,0.43814634146341463,0.9,0.6,0.0,0.0,0.2,0.95,0.7,0.0
32,0.025,0.0,220.59742867403776,194.0,0.0,8.636389706126348,15269.137000431383,8794.300149647754,866.0,1370.0,1785.0,195.0,195.0,127.70859282649103,897.2347290886805,0.4058254258266046,0.4123008309826942,0.4279299110680638,0.2809953434225844,0.4138099304623643,0.4364862890263504,0.9,0.6,0.0,0.0,0.2,0.95,0.7,0.0
42,0.025,0.0,212.94390573984927,189.0,0.0,8.374098197635723,15634.441334985895,8875.576849374538,865.0,1365.0,1882.0,187.0,190.0,121.52656812548103,873.0724499541137,0.4095989620696105,0.4159777190317879,0.4300658152813494,0.28567605340628627,0.41371479351287305,0.443633434234938,0.9,0.6,0.0,0.0,0.2,0.95,0.7,0.0
52,0.025,0.0,212.09594254406406,190.0,0.0,8.456722905230885,15737.961326634677,8958.210030846134,895.0,1407.0,1881.0,188.0,191.0,121.36260601730837,894.0166841170308,0.40835638409698094,0.41592125382262995,0.4283533593562597,0.27862706347361077,0.41492618377524315,0.44012692213814986,0.9,0.6,0.0,0.0,0.2,0.95,0.7,0.0
62,0.025,0.0,206.38618406108077,183.0,0.0,8.48261868673785,15514.709578043527,8866.872597723908,859.0,1360.0,1847.0,180.0,183.0,117.95257853810055,876.5874689170314,0.4084991466388429,0.41555784183612976,0.43183877788805936,0.278494623655914,0.4153846153846154,0.43936739659367396,0.9,0.6,0.0,0.0,0.2,0.95,0.7,0.0
72,0.025,0.0,225.82360057142276,193.0,0.0,8.514113823336274,15180.664947008578,8546.493790358221,885.0,1322.0,1801.0,192.0,194.0,127.79413858167565,870.8445938400783,0.4077475128322586,0.41462746842807763,0.42942748749784443,0.2829367382472432,0.4147025129792576,0.4371495041018734,0.9,0.6,0.0,0.0,0.2,0.95,0.7,0.0
82,0.025,0.0,223.71796555623078,196.0,0.0,8.444708832849573,15648.045467270258,8761.030859219754,894.0,1402.0,1868.0,192.0,196.0,125.25525977666491,895.9585418718582,0.4077564163273037,0.4137517015646748,0.4297192281518232,0.2840677966101695,0.4114675734279519,0.4439839113160347,0.9,0.6,0.0,0.0,0.2,0.95,0.7,0.0
92,0.025,0.0,207.88538473477027,182.0,0.0,8.578385955769024,15346.732474870785,8754.82421393904,885.0,1378.0,1807.0,177.0,182.0,118.59201970061864,897.911006304684,0.40758038781504935,0.4153608627523274,0.4259855101013417,0.280359120853495,0.41090039296087477,0.441236807632418,0.9,0.6,0.0,0.0,0.2,0.95,0.7,0.0
102,0.025,0.0,227.4361245658962,196.0,0.0,8.332774053884686,15490.626966171632,8617.804246097763,879.0,1370.0,1876.0,195.0,196.0,126.52812596160504,884.4057784050964,0.40823250403356687,0.4140737451382721,0.4309954258331518,0.28128763180309574,0.4172880007953077,0.4423351202478729,0.9,0.6,0.0,0.0,0.2,0.95,0.7,0.0
112,0.025,0.0,205.1777455665893,176.0,0.0,8.520569963117149,15175.135104311643,8577.928347637497,898.0,1340.0,1801.0,173.0,176.0,115.97919806987018,883.023439850148,0.4066832739039341,0.4125100387084987,0.42861504241446235,0.2798885140090949,0.4117919469630496,0.44548140852006896,0.9,0.6,0.0,0.0,0.2,0.95,0.7,0.0
122,0.025,0.0,236.13415746657918,200.0,0.0,8.631915869318226,15054.061276090984,8469.76151801785,823.0,1328.0,1764.0,198.0,200.0,132.85451436127875,882.1539753588909,0.4075740762601818,0.41336974998567527,0.42681600695954763,0.28298329847712744,0.4174005613084293,0.4426723286588979,0.9,0.6,0.0,0.0,0.2,0.95,0.7,0.0
132,0.025,0.0,263.2555475040817,223.0,0.0,8.694149881490368,15093.04419426728,8470.856630154867,837.0,1377.0,1755.0,222.0,225.0,149.07529395922705,912.3407990304695,0.4076712987858376,0.4138524011972623,0.43216310510248584,0.2813860351732544,0.4126298215031059,0.44221315504866776,0.9,0.6,0.0,0.0,0.2,0.95,0.7,0.0
142,0.025,0.0,185.5620458335338,165.0,0.0,8.396398203194723,15365.408711846341,8891.90455186187,880.0,1309.0,1844.0,166.0,166.0,108.03487438119248,851.9135576203672,0.40879089219550324,0.4145586765255744,0.43032393259408014,0.2837718783037707,0.4153736444783239,0.4453125,0.9,0.6,0.0,0.0,0.2,0.95,0.7,0.0
152,0.025,0.0,193.02713586606166,173.0,0.0,8.66130083964568,15486.405901286476,8962.470443536076,877.0,1324.0,1805.0,172.0,173.0,111.71087798081585,854.9433667433536,0.40848443299212783,0.41512023025498523,0.43150072999063,0.2839082482693887,0.4105356091818717,0.44223195825539036,0.9,0.6,0.0,0.0,0.2,0.95,0.7,0.0
162,0.025,0.0,229.6039609819045,209.0,0.0,8.69409038561613,15779.774049893276,9102.630420930398,893.0,1440.0,1835.0,207.0,209.0,132.44803083946158,912.5605952575343,0.4072196169916764,0.41412597353959507,0.42958676231131454,0.27995146205753524,0.4113246296024644,0.4392566839682695,0.9,0.6,0.0,0.0,0.2,0.95,0.7,0.0
172,0.025,0.0,218.7539693325691,193.0,0.0,8.474989918201098,15483.806580553406,8822.697050428573,883.0,1366.0,1845.0,192.0,193.0,124.64635165515094,882.2120018701356,0.4075098411434449,0.4138934567287468,0.4277666966223177,0.28084258812168034,0.41320173938535204,0.44113318616629876,0.9,0.6,0.0,0.0,0.2,0.95,0.7,0.0
182,0.025,0.0,253.7925962893109,213.0,0.0,8.5737898010699,15304.21479490977,8392.679814709434,840.0,1415.0,1801.0,211.0,214.0,139.830760916383,924.5819004517849,0.40923731806341973,0.4152845740799066,0.43157917608204416,0.2860717755468543,0.4178997731084147,0.4392092819187832,0.9,0.6,0.0,0.0,0.2,0.95,0.7,0.0
192,0.025,0.0,246.18783055473276,210.0,0.0,8.537470751693935,15060.0984059881,8530.072324322813,844.0,1356.0,1783.0,209.0,211.0,140.10532621493599,900.3925229737118,0.4076400395011914,0.41395265655262686,0.4277045769764216,0.2824164160622678,0.41612966697820847,0.43995290423861855,0.9,0.6,0.0,0.0,0.2,0.95,0.7,0.0
202,0.025,0.0,198.44225246463347,180.0,0.0,8.406848316990176,15603.110476333766,9070.64890487875,868.0,1363.0,1876.0,180.0,180.0,115.36161348919339,873.5437732542811,0.40895542160694176,0.4147906898605617,0.43208060763050443,0.2836142515571036,0.41340411413404116,0.4454138812426268,0.9,0.6,0.0,0.0,0.2,0.95,0.7,0.0
212,0.025,0.0,218.90190957753455,187.0,0.0,8.547093016402918,14897.583127590287,8542.639045995395,825.0,1334.0,1761.0,185.0,187.0,125.52371643000029,895.4472605220341,0.40813941132717035,0.4150089347969382,0.43175290530687993,0.27818486801447867,0.4133937811067856,0.44043776844863985,0.9,0.6,0.0,0.0,0.2,0.95,0.7,0.0
222,0.025,0.0,205.46005752834049,176.0,0.0,8.244983001357607,15162.523739496639,8566.141863156206,902.0,1282.0,1854.0,176.0,177.0,116.73518409005703,845.5056836353283,0.4070767790085037,0.4142401268785651,0.42395611094178604,0.2840229750322354,0.41320777791366026,0.43894268388106417,0.9,0.6,0.0,0.0,0.2,0.95,0.7,0.0
232,0.025,0.0,230.16298556058948,198.0,0.0,8.440806183388545,15260.977579566492,8602.599567334744,868.0,1369.0,1828.0,200.0,200.0,131.0532034774677,897.0591778032664,0.40700749384965507,0.4140268728086592,0.43256636395389453,0.27999171622141356,0.40815825643039466,0.43721929310681507,0.9,0.6,0.0,0.0,0.2,0.95,0.7,0.0
242,0.025,0.0,222.14330662388016,197.0,0.0,8.58934863050244,15417.880791751882,8868.149258872278,875.0,1360.0,1813.0,198.0,198.0,128.4223186534976,882.0926937815996,0.40685999405775297,0.41322135518322145,0.43140412016410074,0.28219595199713415,0.410940758003189,0.43685376661742986,0.9,0.6,0.0,0.0,0.2,0.95,0.7,0.0
252,0.025,0.0,206.42791269847137,183.0,0.0,8.53645252886427,15314.3958367825,8865.080192294903,852.0,1387.0,1811.0,183.0,183.0,119.49540938498274,905.6837858850877,0.40799977273372917,0.41410765240443564,0.4302689454449964,0.2791759335128175,0.4151649433776465,0.44523619693043653,0.9,0.6,0.0,0.0,0.2,0.95,0.7,0.0
262,0.025,0.0,197.2575483254622,166.0,0.0,8.336164727312472,14871.71787352545,8415.394057626161,834.0,1320.0,1801.0,167.0,167.0,112.29368484544243,887.5908023711617,0.4099178174357808,0.4163284270996133,0.43136234523732087,0.2835409226838545,0.4165610162328784,0.4448084492580006,0.9,0.6,0.0,0.0,0.2,0.95,0.7,0.0
272,0.025,0.0,236.19964419893083,209.0,0.0,8.537791232631026,15564.393417086361,8848.446859808862,885.0,1393.0,1843.0,208.0,210.0,134.9233435396622,894.991512146426,0.4060363239019222,0.4128534507514119,0.42461800773821234,0.28326753367394336,0.41133863681005695,0.44000098258370385,0.9,0.6,0.0,0.0,0.2,0.95,0.7,0.0
282,0.025,0.0,221.68689494550367,194.0,0.0,8.49141952456331,15556.280568999986,8751.08111589953,902.0,1438.0,1851.0,194.0,194.0,124.70847330087145,924.3854876631605,0.40559569300632786,0.4120326640056065,0.42878357720026206,0.2840274922164131,0.4091850318000296,0.43607748778511624,0.9,0.6,0.0,0.0,0.2,0.95,0.7,0.0
292,0.025,0.0,226.5003741574972,196.0,0.0,8.530724725264959,15252.935808773747,8653.407338908468,859.0,1396.0,1798.0,195.0,196.0,128.49985239383062,915.2336425601405,0.40816949465360214,0.4146750636268448,0.430235900156972,0.2781179503706091,0.413891671349344,0.4451825607715776,0.9,0.6,0.0,0.0,0.2,0.95,0.7,0.0
302,0.025,0.0,242.40221623508782,209.0,0.0,8.666839896454448,15114.968779416557,8622.033380969855,865.0,1391.0,1764.0,206.0,209.0,138.2735241138007,920.2797705373051,0.4066905812663725,0.41306640171457504,0.42836654089715587,0.2820218096080165,0.4150451109485491,0.4368563021088769,0.9,0.6,0.0,0.0,0.2,0.95,0.7,0.0
312,0.025,0.0,221.24873838215362,194.0,0.0,8.598482098488645,15451.472330984096,8768.41158139903,884.0,1384.0,1813.0,193.0,196.0,126.84875318125549,895.7075224635591,0.4076206010374487,0.4139150852907097,0.4294870387848724,0.2812830765612137,0.41515166485525146,0.4405876772639926,0.9,0.6,0.0,0.0,0.2,0.95,0.7,0.0
322,0.025,0.0,242.55161379108273,206.0,0.0,8.531375745191038,15100.535068988138,8493.037699490807,851.0,1400.0,1788.0,205.0,207.0,137.08123523722972,927.1194653725682,0.40763796815583175,0.41443185593346543,0.4261403052375997,0.28043535504257,0.41536487253522864,0.4423248218527316,0.9,0.6,0.0,0.0,0.2,0.95,0.7,0.0
332,0.025,0.0,210.19267684997442,183.0,0.0,8.550988996077217,15366.127225950759,8706.297609531694,894.0,1389.0,1816.0,183.0,184.0,119.74389987429981,903.9362876380568,0.40665172056927185,0.41345710134204894,0.42946613025986735,0.2819562146892655,0.41010892179659775,0.4373359898921178,0.9,0.6,0.0,0.0,0.2,0.95,0.7,0.0
342,0.025,0.0,214.0857530105545,188.0,0.0,8.365899728139631,15460.182697602038,8781.527839021195,923.0,1385.0,1862.0,187.0,189.0,122.24952556952316,895.8496979565587,0.40818793120983554,0.4145576861470871,0.4272217950126332,0.2817765514002231,0.4172921265636497,0.4429530201342282,0.9,0.6,0.0,0.0,0.2,0.95,0.7,0.0
352,0.025,0.0,214.1293286159213,189.0,0.0,8.533959611539581,15420.865018052022,8826.44153519973,859.0,1413.0,1822.0,189.0,189.0,122.56121805018864,916.2910111371245,0.40846102566769577,0.4140415760859183,0.4312975430619918,0.2846043334212918,0.41978596559812353,0.4394597797639623,0.9,0.6,0.0,0.0,0.2,0.95,0.7,0.0
362,0.025,0.0,233.0608948846669,202.0,0.0,8.54744710725113,15274.287980657771,8667.26269544113,887.0,1368.0,1803.0,198.0,202.0,132.24839040340072,895.6227627319414,0.4075601081437146,0.4136771903404507,0.43060080802815065,0.2837432688109445,0.4116679352763523,0.44285749464404445,0.9,0.6,0.0,0.0,0.2,0.95,0.7,0.0
372,0.025,0.0,235.11264316263814,201.0,0.0,8.593055323944059,15003.474595606327,8549.093630024785,824.0,1365.0,1760.0,196.0,201.0,133.96896746761686,909.7892566830697,0.40853837348998684,0.41471539963247794,0.4284090909090909,0.2811337881760417,0.4181893891147798,0.44399563859840413,0.9,0.6,0.0,0.0,0.2,0.95,0.7,0.0
382,0.025,0.0,223.92451697320683,191.0,0.0,8.473819156811746,15015.607545870416,8529.660020338624,826.0,1381.0,1788.0,190.0,191.0,127.20098032432175,919.7097059051745,0.4077801945759467,0.4144390751162222,0.43133249873712415,0.2793223155208735,0.41211509587220324,0.44075140950833397,0.9,0.6,0.0,0.0,0.2,0.95,0.7,0.0
392,0.025,0.0,236.81583465864261,204.0,0.0,8.580566561188467,15342.05301140498,8614.288833094928,855.0,1426.0,1808.0,204.0,204.0,132.96786280711612,929.4714331517039,0.4088013364100967,0.41519894758917847,0.43083772801936543,0.2797314013076515,0.4132676923076923,0.4457269155206287,0.9,0.6,0.0,0.0,0.2,0.95,0.7,0.0
3,0.025,0.0,206.79911463605805,182.0,0.0,8.532519885286636,15239.080515121932,8800.811372925771,871.0,1319.0,1806.0,180.0,182.0,119.42977781329989,865.5377853612229,0.40920637618750827,0.4157146996919135,0.4321797285890527,0.27866881688901923,0.41407370764283946,0.4458520234633016,0.9,0.6,0.0,0.0,0.2,0.95,0.7,0.0
13,0.025,0.0,237.80881228677032,203.0,0.0,8.572601059171234,15293.520289561482,8536.269032587621,847.0,1349.0,1800.0,202.0,203.0,132.73595363034676,882.0729135336835,0.40654406586602765,0.41323839056697675,0.42737320344240093,0.28292371898910273,0.4108551825532958,0.4404983356177795,0.9,0.6,0.0,0.0,0.2,0.95,0.7,0.0
23,0.025,0.0,236.9033636292704,205.0,0.0,8.56622968573713,15359.249826526673,8653.317405860227,823.0,1387.0,1812.0,205.0,205.0,133.47006026684215,903.0388955615125,0.40708074061387983,0.4134510178607203,0.43001427159951694,0.2818325712275765,0.41038661564125206,0.4427125856651575,0.9,0.6,0.0,0.0,0.2,0.95,0.7,0.0
33,0.025,0.0,233.1715410634021,203.0,0.0,8.593662880523313,15554.529813747198,8706.03672618872,872.0,1450.0,1830.0,202.0,203.0,130.5086058085711,932.2043272040793,0.40837674052391276,0.4148822126847878,0.4281576406565435,0.28692709396971733,0.4157188974422647,0.43935707439357075,0.9,0.6,0.0,0.0,0.2,0.95,0.7,0.0
43,0.025,0.0,218.4525736819634,188.0,0.0,8.543734597926704,15165.1289113199,8605.986957777934,842.0,1347.0,1795.0,191.0,191.0,125.94683574198268,888.221925363616,0.4059822487027261,0.41078846095110105,0.42808993650517524,0.2837174721189591,0.41333957291692325,0.44395305744286595,0.9,0.6,0.0,0.0,0.2,0.95,0.7,0.0
53,0.025,0.0,225.85209122216102,199.0,0.0,8.361288016360714,15551.995710430927,8811.07626336974,906.0,1380.0,1879.0,198.0,199.0,127.95785422351172,887.345923761036,0.4096335572051373,0.41602677092811213,0.4302161398935592,0.2822639313254765,0.4166850530754333,0.4457590278120832,0.9,0.6,0.0,0.0,0.2,0.95,0.7,0.0
63,0.025,0.0,217.31178176564634,193.0,0.0,8.664223086872841,15595.601556371113,8881.248795251024,878.0,1387.0,1820.0,190.0,193.0,123.75284101891899,889.3533186178272,0.40891152162539035,0.41506888578908147,0.43415823104455326,0.2826086956521739,0.4121331689272503,0.4424982263864765,0.9,0.6,0.0,0.0,0.2,0.95,0.7,0.0
73,0.025,0.0,230.16283221800055,199.0,0.0,8.493176767811356,15304.704535596064,8646.052800198235,899.0,1340.0,1815.0,197.0,199.0,130.0253784953253,875.5477747926427,0.40777161170219034,0.4140114020560334,0.4310910582444627,0.2805953531979725,0.41627558178915286,0.43920920130318886,0.9,0.6,0.0,0.0,0.2,0.95,0.7,0.0
83,0.025,0.0,224.07540073678658,194.0,0.0,8.34658604955678,15416.144433531372,8657.799979922156,869.0,1424.0,1867.0,195.0,195.0,126.49077130845966,923.7069658628028,0.40961831556794964,0.41535998170069194,0.43138395261173934,0.28310676198289,0.4182804219701847,0.44536366770079283,0.9,0.6,0.0,0.0,0.2,0.95,0.7,0.0
93,0.025,0.0,227.96036455036975,198.0,0.0,8.421005572151376,15452.545224897776,8685.720449277938,877.0,1387.0,1854.0,196.0,198.0,128.13423103979935,897.5867598596046,0.4086796717049591,0.41449826159476305,0.43137254901960786,0.2817941176470588,0.4173123426935794,0.4428821197271541,0.9,0.6,0.0,0.0,0.2,0.95,0.7,0.0
103,0.025,0.0,203.5561404709389,177.0,0.0,8.552347417386029,15026.474412347252,8695.389861023119,810.0,1326.0,1777.0,177.0,177.0,117.79210155547806,882.4425235173102,0.4074404114704965,0.4134198309180585,0.4287639667840529,0.28477267400984296,0.41479753870583563,0.4407469951326115,0.9,0.6,0.0,0.0,0.2,0.95,0.7,0.0
113,0.025,0.0,205.00909752260608,179.0,0.0,8.452008593709127,15196.71145148901,8731.319837172685,867.0,1327.0,1813.0,180.0,182.0,119.76275300151678,873.2152375440262,0.4075466592609999,0.4142100878725177,0.43360652164436114,0.2771161704611792,0.4141780838948703,0.4389538476750797,0.9,0.6,0.0,0.0,0.2,0.95,0.7,0.0
123,0.025,0.0,221.61962890215676,189.0,0.0,8.476622178081572,15283.349787081073,8528.125461460904,864.0,1391.0,1821.0,186.0,189.0,123.66398900309184,910.1407867899511,0.408196814373637,0.4135504647085114,0.4301497183191214,0.2836826791758209,0.4151547491995731,0.445364238410596,0.9,0.6,0.0,0.0,0.2,0.95,0.7,0.0
133,0.025,0.0,226.11625977998784,192.0,0.0,8.480840655429462,15112.858047975302,8491.207142149657,872.0,1384.0,1802.0,190.0,192.0,127.04413645023457,915.7764835787742,0.40704131654313064,0.4132774822728887,0.42794345802447853,0.2828549401020045,0.4133589363408765,0.4395650252835191,0.9,0.6,0.0,0.0,0.2,0.95,0.7,0.0
143,0.025,0.0,231.48942477781443,198.0,0.0,8.557720833336285,15121.492712505215,8553.306492944208,853.0,1344.0,1786.0,195.0,198.0,130.93945403700616,888.8011425542236,0.40986240266122326,0.4160020787875777,0.4283317353787152,0.2846135748735443,0.4173707416804197,0.44637293086660174,0.9,0.6,0.0,0.0,0.2,0.95,0.7,0.0
153,0.025,0.0,219.24058902497458,188.0,0.0,8.483865430536229,15160.667524368242,8575.054502274857,884.0,1345.0,1804.0,185.0,188.0,124.0050939035642,887.1641026611375,0.4074038922397225,0.41303948436088617,0.4288006682493625,0.28258562754229793,0.4140901929893659,0.4451972897568752,0.9,0.6,0.0,0.0,0.2,0.95,0.7,0.0
163,0.025,0.0,200.66479122613808,176.0,0.0,8.617344072786,15020.030718865999,8770.846092359958,821.0,1301.0,1761.0,175.0,176.0,117.17685755391575,866.1766572593432,0.4090932675481007,0.41568203769522377,0.4328850268547225,0.278487984462417,0.41509433962264153,0.4442633716829227,0.9,0.6,0.0,0.0,0.2,0.95,0.7,0.0
173,0.025,0.0,236.066968151543,203.0,0.0,8.547897665261992,15326.380513814753,8599.254761881142,903.0,1374.0,1811.0,204.0,205.0,133.7563032675712,896.4934667787456,0.4074772835004988,0.41447832099630844,0.42891576636680584,0.2828426809401908,0.41275334893680593,0.43803345009620603,0.9,0.6,0.0,0.0,0.2,0.95,0.7,0.0
183,0.025,0.0,212.408787219503,190.0,0.0,8.326226633966602,15628.327391955312,8945.015998968734,888.0,1418.0,1895.0,191.0,191.0,122.21397415715602,907.326781962551,0.4084263513959786,0.4143502769024931,0.42772732246416456,0.2804953560371517,0.41399517407790415,0.44959255520815383,0.9,0.6,0.0,0.0,0.2,0.95,0.7,0.0
193,0.025,0.0,211.82376667051994,184.0,0.0,8.56797011674141,15293.826658383416,8686.466249379926,867.0,1391.0,1797.0,182.0,184.0,120.30998134736878,909.5173046423367,0.4079201659355466,0.4142331513370802,0.4295379899277425,0.2870322320244479,0.41180650852773965,0.44203678340833497,0.9,0.6,0.0,0.0,0.2,0.95,0.7,0.0
203,0.025,0.0,179.34302826336673,158.0,0.0,8.32466801244069,15284.090470841105,8809.932648621038,915.0,1323.0,1856.0,158.0,159.0,104.0297427598582,865.6059727754238,0.40704192069568507,0.4134419551934827,0.4253048119061049,0.2812044540313648,0.41613391244936804,0.44229537278864633,0.9,0.6,0.0,0.0,0.2,0.95,0.7,0.0
213,0.025,0.0,218.62951882647295,194.0,0.0,8.592410559798218,15638.187218832756,8873.458672979037,888.0,1421.0,1840.0,191.0,194.0,124.05529955951012,908.6730962580613,0.4078217679680203,0.415109920428037,0.4270078585031631,0.282947759030556,0.4096552394373041,0.44303457043665345,0.9,0.6,0.0,0.0,0.2,0.95,0.7,0.0
223,0.025,0.0,185.75923104352842,163.0,0.0,8.37557641134757,15218.422339418534,8774.799458650035,875.0,1283.0,1835.0,163.0,164.0,107.76412714950722,843.0571654440107,0.40756437043027455,0.4137507767608497,0.4295224824718554,0.2788015762633287,0.4183839079329169,0.4420289855072464,0.9,0.6,0.0,0.0,0.2,0.95,0.7,0.0
233,0.025,0.0,184.96624487186313,159.0,0.0,8.204289321649652,15087.688062513711,8596.16305181243,923.0,1323.0,1854.0,159.0,160.0,106.0467311738303,876.8739083936093,0.4068320413192484,0.4119723167479077,0.4285807433166703,0.28035197474201184,0.4202431341667487,0.44157254561251086,0.9,0.6,0.0,0.0,0.2,0.95,0.7,0.0
243,0.025,0.0,231.63351487836076,202.0,0.0,8.534207948507238,15327.437475519,8720.672399504778,873.0,1394.0,1815.0,202.0,202.0,131.789805257816,909.4801412346312,0.4083512311837073,0.41509455491487773,0.4295260974011793,0.27929266445260154,0.41605785368743214,0.4418265018011878,0.9,0.6,0.0,0.0,0.2,0.95,0.7,0.0
253,0.025,0.0,213.12029113028518,187.0,0.0,8.486651090935789,15394.785078957522,8774.38741324179,888.0,1356.0,1834.0,182.0,187.0,121.46970486493011,880.817752924306,0.40835881222608217,0.4147071774548657,0.42957045119944576,0.2822917279087542,0.4101080908845805,0.44745309638136727,0.9,0.6,0.0,0.0,0.2,0.95,0.7,0.0
263,0.025,0.0,231.3418528170186,203.0,0.0,8.516402253403943,15440.237285421346,8774.892978857752,854.0,1426.0,1832.0,201.0,203.0,131.47466340538196,923.5609360397767,0.4074635190901399,0.41305793081314046,0.42935795725495296,0.2868375576036866,0.4180240220824112,0.4394491998511351,0.9,0.6,0.0,0.0,0.2,0.95,0.7,0.0
273,0.025,0.0,219.49168941068987,195.0,0.0,8.582100692181516,15585.094857001633,8884.16324661552,855.0,1381.0,1836.0,192.0,195.0,125.1195464571689,886.103044396668,0.40865252916450195,0.41511369790911795,0.4291202624535958,0.282618866600386,0.4158074755776471,0.44298715870839045,0.9,0.6,0.0,0.0,0.2,0.95,0.7,0.0
283,0.025,0.0,229.51864942189798,197.0,0.0,8.392222697255402,15131.17752315149,8583.18051697304,857.0,1359.0,1816.0,194.0,197.0,130.19475827217,898.1455659486245,0.4088091407867983,0.41437723343819677,0.4290441976921402,0.2851095105100691,0.4175119734741496,0.44424295178683687,0.9,0.6,0.0,0.0,0.2,0.95,0.7,0.0
293,0.025,0.0,260.83458112546793,216.0,0.0,8.4833504106997,14871.313269956574,8281.110544007914,832.0,1419.0,1766.0,212.0,216.0,145.24608289731142,954.1860723670598,0.4069950801805273,0.41369628579832607,0.42998887847002637,0.28334111876678736,0.41000321726433536,0.43907294534014946,0.9,0.6,0.0,0.0,0.2,0.95,0.7,0.0
303,0.025,0.0,241.908267522112,204.0,0.0,8.489136869225344,15076.70707974421,8432.948658166595,861.0,1376.0,1795.0,203.0,204.0,135.30806091873814,912.6661363930572,0.4075454088932263,0.4134070501269084,0.43244073748902545,0.282093070632403,0.4109936162955022,0.4448406507688879,0.9,0.6,0.0,0.0,0.2,0.95,0.7,0.0
313,0.025,0.0,247.16672587743238,216.0,0.0,8.47923839687708,15754.424941397612,8739.040387948997,899.0,1495.0,1878.0,216.0,216.0,137.10433786283164,948.9397458561727,0.4071996138246972,0.413337004278946,0.4278499912172844,0.2782318746495913,0.41497066260771365,0.44405893419991693,0.9,0.6,0.0,0.0,0.2,0.95,0.7,0.0
323,0.025,0.0,233.76106203865456,195.0,0.0,8.568262417121735,14908.776605791818,8341.851217623016,832.0,1396.0,1758.0,193.0,195.0,130.79544026720856,936.3612031437084,0.4095193113790131,0.41569377552886666,0.4314173245470955,0.2822823710182613,0.4165195993139619,0.44363050325983444,0.9,0.6,0.0,0.0,0.2,0.95,0.7,0.0
333,0.025,0.0,206.9759070674168,180.0,0.0,8.353636857873227,15237.033628760766,8696.66438719217,858.0,1383.0,1841.0,177.0,180.0,118.13323011917475,907.6569847489927,0.408910909759478,0.4164895991088765,0.427776334026334,0.28276996795889503,0.4120472479537323,0.4431048964869806,0.9,0.6,0.0,0.0,0.2,0.95,0.7,0.0
343,0.025,0.0,230.71782907515174,201.0,0.0,8.454767402688887,15472.224346920664,8711.940503502581,844.0,1379.0,1845.0,198.0,202.0,130.55653503382837,891.2745634240066,0.4092174487460778,0.4168318760528517,0.4273864327282203,0.28205580029368577,0.4119515151515151,0.44327137911561787,0.9,0.6,0.0,0.0,0.2,0.95,0.7,0.0
353,0.025,0.0,228.12295230904877,201.0,0.0,8.541522103358302,15460.155007078527,8811.037993568309,881.0,1400.0,1828.0,200.0,201.0,130.01163307093034,905.5536631806094,0.4091286737979022,0.416349476349934,0.4278112035448207,0.2861418385610751,0.4116690484403489,0.4418718728539194,0.9,0.6,0.0,0.0,0.2,0.95,0.7,0.0
363,0.025,0.0,217.7316850351541,185.0,0.0,8.330074921219998,15044.115307723318,8496.696287916508,835.0,1394.0,1824.0,184.0,185.0,122.9716711258023,926.6081597263158,0.4078206622529057,0.4151970024191271,0.426387266986722,0.28258952196154524,0.4138218151540383,0.4378966009149491,0.9,0.6,0.0,0.0,0.2,0.95,0.7,0.0
373,0.025,0.0,217.29235959826212,188.0,0.0,8.35274452747961,15210.347784540369,8651.93789360938,890.0,1383.0,1841.0,186.0,189.0,124.25751381707231,909.2494265027037,0.4067524495337032,0.4135097083859546,0.42824154757755317,0.2781350950205174,0.4154371148700071,0.439086482612027,0.9,0.6,0.0,0.0,0.2,0.95,0.7,0.0
383,0.025,0.0,225.4163155516637,197.0,0.0,8.571201195461281,15582.44377334861,8739.385146894972,876.0,1434.0,1832.0,194.0,197.0,126.42432911385723,920.2664362907171,0.4092614172223312,0.41597453623116326,0.43045532082403887,0.28340365682137836,0.4151972100790805,0.44161152199299336,0.9,0.6,0.0,0.0,0.2,0.95,0.7,0.0
393,0.025,0.0,260.55279056094287,216.0,0.0,8.304249711048925,14947.649479888067,8290.06665155935,856.0,1389.0,1819.0,214.0,217.0,145.17332661029525,929.2430906069128,0.40775189763198244,0.41387234692319436,0.4309423592785641,0.28106910809214414,0.41219161795303677,0.44331928942764925,0.9,0.6,0.0,0.0,0.2,0.95,0.7,0.0
4,0.025,0.0,181.1451057571793,163.0,0.0,8.237837390100951,15544.799155120496,8998.311012525926,917.0,1317.0,1900.0,162.0,163.0,104.85822195155696,847.2287012895737,0.40696718406690763,0.4130491262121085,0.4276916404640572,0.2811001987606688,0.4141840101208047,0.4428550469483568,0.9,0.6,0.0,0.0,0.2,0.95,0.7,0.0
14,0.025,0.0,208.25949313846712,190.0,0.0,8.538661120943814,15839.216379350775,9123.23357445575,925.0,1366.0,1871.0,188.0,190.0,119.95542926460595,862.4164019760618,0.4072118058501362,0.4140710351202891,0.4269242483574816,0.28244696309212436,0.41272581390259916,0.4404619770473429,0.9,0.6,0.0,0.0,0.2,0.95,0.7,0.0
24,0.025,0.0,235.26605230447444,196.0,0.0,8.444256834224172,14819.670744063422,8330.993701817317,823.0,1362.0,1774.0,196.0,196.0,132.25664954703208,919.0487585870289,0.4080105602566256,0.4144418336329591,0.4292571132059154,0.2813262106607827,0.4132542037586548,0.44464373464373463,0.9,0.6,0.0,0.0,0.2,0.95,0.7,0.0
34,0.025,0.0,208.10979118474182,178.0,0.0,8.4789180288511,14888.98005866253,8553.177579328165,853.0,1307.0,1776.0,179.0,179.0,120.22314442946436,877.8304456386029,0.4066382609679305,0.41217882640400105,0.42969324622506816,0.28397217614016707,0.4160526574319678,0.43862082390442125,0.9,0.6,0.0,0.0,0.2,0.95,0.7,0.0
44,0.025,0.0,202.40684284412077,181.0,0.0,8.461402891129996,15577.442722570322,8942.38541823377,903.0,1377.0,1860.0,181.0,181.0,116.1936546476574,883.9705107725096,0.4074096820979926,0.4129072418494346,0.42795282444076943,0.28546409807355516,0.415553423376879,0.4434296686524543,0.9,0.6,0.0,0.0,0.2,0.95,0.7,0.0
54,0.025,0.0,261.19039695243197,219.0,0.0,8.49362133582581,15135.633220441594,8384.688049610197,839.0,1376.0,1802.0,217.0,219.0,144.69166688330367,909.1129389562825,0.4094797260643905,0.4162148116729525,0.4300915506806214,0.2822740300800756,0.41103295075897817,0.4475805451524095,0.9,0.6,0.0,0.0,0.2,0.95,0.7,0.0
64,0.025,0.0,212.32311257897905,192.0,0.0,8.400521249395913,15860.184118859483,9042.821465259965,955.0,1377.0,1908.0,190.0,193.0,121.68837294297361,868.2118629143765,0.4068928831800447,0.41096479936676517,0.4359827932815979,0.28427913651856723,0.41461424332344216,0.4408765938628602,0.9,0.6,0.0,0.0,0.2,0.95,0.7,0.0
74,0.025,0.0,211.51676927897665,185.0,0.0,8.544001114827566,15105.793971015135,8746.351442045581,859.0,1352.0,1787.0,186.0,188.0,124.45555682854722,895.0208129372119,0.4088134756937937,0.4143789297030955,0.42758499747912054,0.2895426393520724,0.4156702250930697,0.44358119700014703,0.9,0.6,0.0,0.0,0.2,0.95,0.7,0.0
84,0.025,0.0,215.15838791302264,189.0,0.0,8.199074246373419,15561.842919616749,8784.226440495682,927.0,1391.0,1918.0,189.0,190.0,122.0935084497558,893.8530013347911,0.4095387984124812,0.4160805930431477,0.43138958894585905,0.28352095243708375,0.4149597749370712,0.4425655542312277,0.9,0.6,0.0,0.0,0.2,0.95,0.7,0.0
94,0.025,0.0,230.92427839764136,194.0,0.0,8.530953676677534,14895.045119478975,8401.02224617286,851.0,1360.0,1761.0,191.0,195.0,130.9160183375269,913.0553073796748,0.40757988267324285,0.413472992556735,0.4305711209264509,0.28206175938357364,0.41329227486542847,0.44388286011595063,0.9,0.6,0.0,0.0,0.2,0.95,0.7,0.0
104,0.025,0.0,251.49300236954662,213.0,0.0,8.572970382206858,15199.87648765276,8469.420540258827,845.0,1394.0,1793.0,212.0,213.0,140.13271763953162,917.1127154436953,0.4081968918286392,0.4153339497069678,0.42815452128234505,0.2784962317820592,0.41363207312832234,0.4429520295202952,0.9,0.6,0.0,0.0,0.2,0.95,0.7,0.0
114,0.025,0.0,253.50219272024228,215.0,0.0,8.388412045257661,15191.414213961625,8481.188966963604,828.0,1404.0,1831.0,214.0,216.0,142.18557729897577,924.2062524433426,0.4078347227873615,0.4146018173738488,0.43106016449711804,0.28014869453225616,0.41262111924065653,0.4403987330894449,0.9,0.6,0.0,0.0,0.2,0.95,0.7,0.0
124,0.025,0.0,208.54510238396347,186.0,0.0,8.404898983626225,15742.375796331919,8918.9339799285,890.0,1372.0,1891.0,186.0,187.0,118.78766103625368,871.5329996884494,0.40789370958927446,0.4134804118504574,0.43300331462986635,0.2827151029073539,0.4125717932354818,0.4433228855598608,0.9,0.6,0.0,0.0,0.2,0.95,0.7,0.0
134,0.025,0.0,240.23414093650703,208.0,0.0,8.513165371904378,15425.855653890732,8658.219817930609,893.0,1399.0,1830.0,205.0,208.0,134.83854942434778,906.9188973301083,0.4073752660203358,0.4142407177627183,0.4275844256473171,0.28056223956804976,0.41276417350990113,0.44161965651247337,0.9,0.6,0.0,0.0,0.2,0.95,0.7,0.0
144,0.025,0.0,213.59242306061753,188.0,0.0,8.50017432378316,15529.818489551833,8801.81035010992,885.0,1445.0,1846.0,188.0,189.0,121.70135802112279,930.4680547117589,0.4080105114668403,0.414290335470858,0.43021730575838396,0.2818650421743205,0.4134381061321928,0.44267166833118166,0.9,0.6,0.0,0.0,0.2,0.95,0.7,0.0
154,0.025,0.0,212.48721988362342,185.0,0.0,8.498749667624764,15212.76190504833,8706.405971207218,883.0,1354.0,1809.0,184.0,185.0,121.60842400261852,890.0421951326782,0.40781230807026164,0.4143840062313384,0.42887361184558437,0.28076956865501185,0.415115058932624,0.4411017156263747,0.9,0.6,0.0,0.0,0.2,0.95,0.7,0.0
164,0.025,0.0,235.6264294931845,201.0,0.0,8.620816038682552,15008.840723346324,8530.452226107935,824.0,1344.0,1758.0,201.0,201.0,133.92106939168428,895.4722251861874,0.40740117985018603,0.41442194315020664,0.4259328977964788,0.2821592649310873,0.41316906972150896,0.4404800039425375,0.9,0.6,0.0,0.0,0.2,0.95,0.7,0.0
174,0.025,0.0,237.5780430918636,209.0,0.0,8.510173610975428,15309.802326144794,8797.109247978215,852.0,1382.0,1817.0,209.0,211.0,137.8201987883749,902.6896432489768,0.4083613863733346,0.4139625710712285,0.4316906348649597,0.2819989503761152,0.41470749043193,0.4462622519139806,0.9,0.6,0.0,0.0,0.2,0.95,0.7,0.0
184,0.025,0.0,241.2062816004002,198.0,0.0,8.580801421868637,14716.074438504713,8208.741442647051,818.0,1272.0,1733.0,199.0,199.0,135.22627982861727,864.3609444321667,0.4076780378662362,0.4148989330658051,0.4291843614552778,0.27753871373788824,0.41336901021209743,0.4403465950695631,0.9,0.6,0.0,0.0,0.2,0.95,0.7,0.0
194,0.025,0.0,249.4303292485451,214.0,0.0,8.659373562577528,15049.991251759744,8579.550074953375,843.0,1361.0,1755.0,211.0,215.0,142.85722589696573,904.3194625384668,0.40921449685556954,0.4160570191793882,0.4336348612681569,0.28682690624817686,0.40943824613656893,0.4409056119299805,0.9,0.6,0.0,0.0,0.2,0.95,0.7,0.0
204,0.025,0.0,217.21790055759044,190.0,0.0,8.448397038933225,15350.737419741668,8746.977091311393,891.0,1380.0,1835.0,188.0,190.0,123.7725555487988,898.9796139860123,0.4075459481939725,0.41412379123543086,0.4240608384903687,0.281704902759986,0.41675302245250434,0.443815922732999,0.9,0.6,0.0,0.0,0.2,0.95,0.7,0.0
214,0.025,0.0,227.01385724024055,196.0,0.0,8.673820130458171,15317.96635038913,8633.834180112639,869.0,1380.0,1785.0,196.0,197.0,128.6071502533334,900.9028799472087,0.4085967094342478,0.41412974453532053,0.42979680031429385,0.28671144859813086,0.41602435072904903,0.44429431273799286,0.9,0.6,0.0,0.0,0.2,0.95,0.7,0.0
224,0.025,0.0,246.4199557503198,210.0,0.0,8.49687392477431,15243.391821045112,8522.037079366186,883.0,1369.0,1812.0,208.0,211.0,138.42063661231367,898.0940830438741,0.4079127004524844,0.413889600385355,0.42772084996224785,0.28227028917910446,0.41539329425326826,0.44498248004671986,0.9,0.6,0.0,0.0,0.2,0.95,0.7,0.0
234,0.025,0.0,193.61916854403546,170.0,0.0,8.462891269867251,15267.055850840521,8780.122406182956,894.0,1335.0,1821.0,167.0,170.0,111.35087318793082,874.4318570934566,0.40819220388813,0.4144694607483492,0.4328332396558433,0.28032941732097527,0.41552634811448225,0.4389979555139542,0.9,0.6,0.0,0.0,0.2,0.95,0.7,0.0
244,0.025,0.0,231.15699152300755,201.0,0.0,8.33339824475246,15533.454328218588,8695.389167149377,930.0,1444.0,1883.0,199.0,201.0,129.39813370092236,929.6064928563776,0.4069584249205196,0.41333582297148475,0.4290387299371947,0.2803200654148293,0.4146569084925586,0.43975371633223764,0.9,0.6,0.0,0.0,0.2,0.95,0.7,0.0
254,0.025,0.0,204.24880680962076,186.0,0.0,8.45173866849115,15855.461742089397,9106.540346811897,888.0,1459.0,1895.0,187.0,188.0,118.57112902675125,920.1876449469685,0.4099503875822341,0.4165795169415235,0.4308182231754078,0.2823594782710417,0.41738938703513156,0.443531726512543,0.9,0.6,0.0,0.0,0.2,0.95,0.7,0.0
264,0.025,0.0,221.03244773561835,198.0,0.0,8.663695916215717,15482.024602277488,8957.960789396499,873.0,1356.0,1800.0,196.0,198.0,127.8902502007865,875.8544407690226,0.408256598559626,0.4142741987859061,0.43008269552212547,0.2803165240751015,0.4187457195969083,0.4426196973455718,0.9,0.6,0.0,0.0,0.2,0.95,0.7,0.0
274,0.025,0.0,226.0307347170876,194.0,0.0,8.71757929707669,14898.343018704063,8582.903570296357,850.0,1275.0,1728.0,191.0,195.0,130.88703875000598,855.7998687500392,0.40668652387485693,0.41257432072863987,0.43207131803221516,0.2802498512790006,0.41131323199601294,0.4397717615636761,0.9,0.6,0.0,0.0,0.2,0.95,0.7,0.0
284,0.025,0.0,216.47884673408572,187.0,0.0,8.288864194167761,15160.332611132835,8638.257401181723,838.0,1410.0,1847.0,185.0,188.0,124.00783335185147,930.0587501388861,0.40809503839492395,0.41310087783075544,0.4301211670530598,0.283579444772593,0.4186465794023216,0.44433514497208765,0.9,0.6,0.0,0.0,0.2,0.95,0.7,0.0
294,0.025,0.0,245.21245445485013,210.0,0.0,8.581880527336361,15352.984263404749,8564.00220237045,874.0,1416.0,1809.0,208.0,210.0,136.78122532865115,922.2962622160477,0.407893338873844,0.4137912569183869,0.4295922840859272,0.28378771991145285,0.4136750060723828,0.44427093499902404,0.9,0.6,0.0,0.0,0.2,0.95,0.7,0.0
304,0.025,0.0,231.09803323975822,202.0,0.0,8.497982782673747,15321.862957160765,8740.87923502275,882.0,1415.0,1822.0,201.0,203.0,132.4904161899756,923.5169404375146,0.40628487171925687,0.4122308794828007,0.4283812682756514,0.2809024652283748,0.41570336990595613,0.43993867761238314,0.9,0.6,0.0,0.0,0.2,0.95,0.7,0.0
314,0.025,0.0,221.2013051667595,193.0,0.0,8.655713280445388,15285.989653266557,8725.084142451191,823.0,1352.0,1779.0,192.0,194.0,126.91360154005007,884.4700478461222,0.4097928463604601,0.4161792852077503,0.43465507876154263,0.28297645806222643,0.4127217125382263,0.4432537024633475,0.9,0.6,0.0,0.0,0.2,0.95,0.7,0.0
324,0.025,0.0,199.81587230787173,176.0,0.0,8.4215965533381,15377.835306395371,8808.109083988244,831.0,1394.0,1846.0,175.0,177.0,115.10072547492352,906.4994989380982,0.40946217983664085,0.41718245014939936,0.430065190731298,0.27864444838385627,0.41228851291184326,0.4422299960583366,0.9,0.6,0.0,0.0,0.2,0.95,0.7,0.0
334,0.025,0.0,232.4308596118424,197.0,0.0,8.642989627431708,15038.801951731173,8475.638748184658,804.0,1346.0,1759.0,196.0,198.0,131.65942382611632,895.0181033835989,0.4100896055653752,0.41617240166929087,0.4318360569780652,0.2837920311546398,0.41713212517378473,0.4465294992563213,0.9,0.6,0.0,0.0,0.2,0.95,0.7,0.0
344,0.025,0.0,228.4308291208981,199.0,0.0,8.394883179061601,15379.425984040854,8711.608707364026,883.0,1421.0,1851.0,196.0,199.0,129.393645904926,923.9616624668332,0.4083133342002908,0.4151806197045239,0.42548723669532124,0.2821934509986066,0.4142980401824233,0.44570964806571406,0.9,0.6,0.0,0.0,0.2,0.95,0.7,0.0
354,0.025,0.0,244.24778584188724,212.0,0.0,8.59980863870348,15256.060525059975,8679.71020778208,821.0,1391.0,1794.0,211.0,212.0,138.96116867900705,911.7688001532963,0.4105629905056554,0.41672443344124926,0.433385390317401,0.2819387180019577,0.41645725548164575,0.44619643121941577,0.9,0.6,0.0,0.0,0.2,0.95,0.7,0.0
364,0.025,0.0,228.24002535741084,202.0,0.0,8.669640908021847,15440.630457186911,8850.331999555272,863.0,1417.0,1800.0,203.0,204.0,132.11895755529028,917.7086414502271,0.4078256893557642,0.41436028231906036,0.42672160094173045,0.2808223218499292,0.4115882150410703,0.44679906253854695,0.9,0.6,0.0,0.0,0.2,0.95,0.7,0.0
374,0.025,0.0,208.13611183258283,185.0,0.0,8.47727056471439,15623.609650768622,8888.414334789117,840.0,1426.0,1861.0,185.0,185.0,118.41053644789359,912.7212160794393,0.40899184626828194,0.4157113855265367,0.4298228324901999,0.28135914284022967,0.4133968679423225,0.44425441205631566,0.9,0.6,0.0,0.0,0.2,0.95,0.7,0.0
384,0.025,0.0,241.77795708501299,213.0,0.0,8.56765642483125,15653.108288166695,8809.73611358234,921.0,1421.0,1842.0,211.0,213.0,136.07521016194715,907.8069184982484,0.40677489949078477,0.4121983530390895,0.4310763888888889,0.28135123991282324,0.4179082532836699,0.4377419512912236,0.9,0.6,0.0,0.0,0.2,0.95,0.7,0.0
394,0.025,0.0,190.37944070039396,166.0,0.0,8.514681470038667,15181.677061078943,8719.428914660977,845.0,1363.0,1796.0,164.0,166.0,109.3423337435967,897.7927764609777,0.40800450878194217,0.4137327241794583,0.4282128071875275,0.2831179559804095,0.41443771242795924,0.4461214289214485,0.9,0.6,0.0,0.0,0.2,0.95,0.7,0.0
5,0.025,0.0,212.84691377068373,187.0,0.0,8.442573386204886,15297.942975803253,8785.657103840811,905.0,1316.0,1830.0,185.0,187.0,122.23865672383391,860.2463756607776,0.40625397918327116,0.4126588549109269,0.43005135858829724,0.2804268381815524,0.41352883193691475,0.4363592350520455,0.9,0.6,0.0,0.0,0.2,0.95,0.7,0.0
15,0.025,0.0,230.22492860314665,193.0,0.0,8.454868976625784,14872.114529884753,8383.106085470283,840.0,1312.0,1778.0,191.0,194.0,130.44547203436804,882.1879345829425,0.4081708191094095,0.4137098960341793,0.43183939229517093,0.2833740689013035,0.4118623491811808,0.44674177905377693,0.9,0.6,0.0,0.0,0.2,0.95,0.7,0.0
25,0.025,0.0,222.01139062402973,190.0,0.0,8.43462253504105,15393.186126449917,8558.119449004302,895.0,1380.0,1843.0,187.0,191.0,124.08087476562577,896.5005611338406,0.40767789600197957,0.41546328804762633,0.4247346903270703,0.2781140861466822,0.413719787873604,0.4413140963150712,0.9,0.6,0.0,0.0,0.2,0.95,0.7,0.0
35,0.025,0.0,211.3787610695913,177.0,0.0,8.532333274781287,14718.274898997719,8373.594352827486,819.0,1285.0,1743.0,177.0,177.0,120.25865885413874,873.0642747320242,0.4088018670483911,0.4166227215407543,0.4278631846745961,0.2796515720319099,0.4110029994878923,0.44307199211045367,0.9,0.6,0.0,0.0,0.2,0.95,0.7,0.0
45,0.025,0.0,209.950781787412,186.0,0.0,8.83326756527028,15308.052690613395,8859.219213974462,844.0,1330.0,1751.0,184.0,186.0,121.50467715207934,868.8237667326104,0.40730838211424436,0.41324653593572713,0.43060443427767026,0.2833858175880569,0.4132785627675633,0.44158396384003146,0.9,0.6,0.0,0.0,0.2,0.95,0.7,0.0
55,0.025,0.0,227.17043504766747,199.0,0.0,8.506029752528145,15412.925911580996,8759.942725744377,887.0,1343.0,1830.0,197.0,199.0,129.11240937742713,871.3465617783148,0.4080035520689139,0.4138246694550413,0.4280824157854573,0.28400800188279596,0.4161887187671438,0.4440428713858425,0.9,0.6,0.0,0.0,0.2,0.95,0.7,0.0
65,0.025,0.0,240.39825922468927,207.0,0.0,8.546468091429835,15178.527330379387,8610.71127002324,844.0,1351.0,1794.0,208.0,210.0,138.3533431334218,890.0731741583469,0.40780252093859987,0.41406400357200596,0.426861846534761,0.2852214424721354,0.4123500578831991,0.44361782569456304,0.9,0.6,0.0,0.0,0.2,0.95,0.7,0.0
75,0.025,0.0,232.33696014123237,197.0,0.0,8.61152123187308,14992.658464691032,8479.064195393112,852.0,1339.0,1760.0,198.0,198.0,132.0646371464451,893.1037835307576,0.40860893952507293,0.4146464241994348,0.42980161325485067,0.2845418443888807,0.41344220793725645,0.4448394184008492,0.9,0.6,0.0,0.0,0.2,0.95,0.7,0.0
85,0.025,0.0,236.97129098972087,205.0,0.0,8.71267497469144,15255.893880684713,8650.83694922742,831.0,1380.0,1771.0,204.0,205.0,134.3742959955613,904.5684315798761,0.40833846582234273,0.41485365054447637,0.4277387762177154,0.2799033189883865,0.4107870496135134,0.44890295979973494,0.9,0.6,0.0,0.0,0.2,0.95,0.7,0.0
95,0.025,0.0,213.31583975850754,179.0,0.0,8.381734838659867,14902.724543137243,8391.3130971729,857.0,1333.0,1798.0,180.0,180.0,120.78328327076986,894.4673144440901,0.40749128055936656,0.4133592479170326,0.4330918878701009,0.2811027123165851,0.411761825482323,0.44095650700680106,0.9,0.6,0.0,0.0,0.2,0.95,0.7,0.0
105,0.025,0.0,207.54806355172187,182.0,0.0,8.423554095503743,15330.868453816813,8769.053147761353,806.0,1379.0,1839.0,180.0,183.0,119.36701469409572,899.4924222030492,0.40965769650887324,0.416871592002566,0.4305008318010682,0.28130360205831906,0.4121885988806894,0.44355974170995777,0.9,0.6,0.0,0.0,0.2,0.95,0.7,0.0
115,0.025,0.0,231.38676639985735,202.0,0.0,8.762431177974685,15299.2048367438,8729.97203526003,815.0,1421.0,1766.0,201.0,203.0,132.68663447949848,928.8064413564895,0.4095991234884781,0.4151221059793515,0.4322290798857218,0.2873914064334351,0.4137216670728735,0.44654856444715946,0.9,0.6,0.0,0.0,0.2,0.95,0.7,0.0
125,0.025,0.0,227.0006138024169,195.0,0.0,8.463076082063893,15115.053882566113,8590.285142124309,883.0,1343.0,1805.0,193.0,195.0,129.0104564065864,888.5181689951053,0.40675348960202484,0.41363331994107405,0.43009937861302966,0.280915104422427,0.41516059326195853,0.4347291548845558,0.9,0.6,0.0,0.0,0.2,0.95,0.7,0.0
135,0.025,0.0,186.60153799697133,169.0,0.0,8.48807437905905,15490.735741782768,9056.731354633475,891.0,1333.0,1843.0,168.0,170.0,109.74301210333304,860.5143243161349,0.4063199217704873,0.4119002931878734,0.4298872757577087,0.28177714421477784,0.41474710841011564,0.43866509271555754,0.9,0.6,0.0,0.0,0.2,0.95,0.7,0.0
145,0.025,0.0,226.98014916011488,203.0,0.0,8.537741371723756,15828.972503175844,8943.513375559598,890.0,1409.0,1871.0,198.0,203.0,128.24584789648924,890.13989993179,0.40864941896111334,0.415082651738497,0.43262987012987014,0.28343949044585987,0.4173477652602901,0.4372785609870915,0.9,0.6,0.0,0.0,0.2,0.95,0.7,0.0
155,0.025,0.0,201.88001213231925,180.0,0.0,8.386710361019663,15683.148375106768,8916.187298523722,931.0,1397.0,1889.0,179.0,181.0,115.41050028404631,890.7650215293519,0.40710661096556444,0.41286473058135903,0.4308684474269031,0.27907927791084886,0.4154993722458827,0.44267964330706716,0.9,0.6,0.0,0.0,0.2,0.95,0.7,0.0
165,0.025,0.0,250.5830630060702,214.0,0.0,8.49063483039107,15274.652059873535,8540.082375592001,838.0,1415.0,1815.0,212.0,214.0,140.10139095880118,926.3713467602976,0.4085382316302026,0.4147193844314498,0.4309792207225868,0.285487194583456,0.4135073135837794,0.44120666894832056,0.9,0.6,0.0,0.0,0.2,0.95,0.7,0.0
175,0.025,0.0,221.0079285081424,200.0,0.0,8.44813522862814,15806.46101276325,9049.449101217722,916.0,1384.0,1883.0,200.0,201.0,127.1631896840782,875.5913160336529,0.40739806443247323,0.4138003259859552,0.4277958267012625,0.28328454332552694,0.4111641409171423,0.44333349630860996,0.9,0.6,0.0,0.0,0.2,0.95,0.7,0.0
185,0.025,0.0,216.64444265942424,187.0,0.0,8.328590273073644,15141.377116447884,8631.65459978926,878.0,1337.0,1836.0,189.0,189.0,124.82352070518851,883.0108316552224,0.4087734577648122,0.4149221357488181,0.4300058681619613,0.2852837916910474,0.41334250343878953,0.4441566058947163,0.9,0.6,0.0,0.0,0.2,0.95,0.7,0.0
195,0.025,0.0,226.62745894175086,200.0,0.0,8.274753169169179,15639.283489729747,8825.055928081742,925.0,1458.0,1910.0,199.0,201.0,128.52251200126648,932.2677736211269,0.4078978851634515,0.41282655606740026,0.4307314551563712,0.2828889020280258,0.41854317847435224,0.4438778036342031,0.9,0.6,0.0,0.0,0.2,0.95,0.7,0.0
205,0.025,0.0,228.57262843876902,191.0,0.0,8.404925125750168,14952.36179870955,8356.206134767614,869.0,1336.0,1794.0,191.0,192.0,128.4078077996818,893.5043292727858,0.4077962291361795,0.41379178998449717,0.430959805959806,0.2813837584286133,0.41317394726485634,0.44325408472752176,0.9,0.6,0.0,0.0,0.2,0.95,0.7,0.0
215,0.025,0.0,195.60299676930367,169.0,0.0,8.235208162229123,15111.60697769044,8639.949427733996,877.0,1322.0,1855.0,165.0,169.0,111.83456547639042,874.8242340815866,0.4089485437444409,0.4154881408651991,0.4295231185278016,0.28387077635052954,0.41162529319781077,0.444623695338662,0.9,0.6,0.0,0.0,0.2,0.95,0.7,0.0
225,0.025,0.0,223.3960259737712,189.0,0.0,8.266967078014481,14954.943444128197,8460.31164503304,914.0,1340.0,1825.0,188.0,190.0,127.04829056013598,896.0247860556959,0.4075223787581206,0.4125345220769398,0.4303146800285091,0.2831925650992197,0.4189272884925059,0.4423602969910121,0.9,0.6,0.0,0.0,0.2,0.95,0.7,0.0
235,0.025,0.0,218.97171749155012,197.0,0.0,8.687588452569448,15663.721979982714,8996.59564517057,864.0,1423.0,1818.0,196.0,198.0,126.40673797264276,908.4686269448013,0.40881128470217915,0.4142722840297945,0.43521319896393357,0.28139062913615104,0.4168708950102931,0.44191043609903796,0.9,0.6,0.0,0.0,0.2,0.95,0.7,0.0
245,0.025,0.0,235.22916184668819,202.0,0.0,8.667940635376974,15307.583162075736,8587.370648017466,814.0,1436.0,1784.0,200.0,203.0,132.61401087986826,938.0971410024179,0.4091641428578178,0.4160838359929755,0.43002306453718614,0.2805599310488305,0.4145637893001721,0.4420797945881888,0.9,0.6,0.0,0.0,0.2,0.95,0.7,0.0
255,0.025,0.0,208.84844564598677,179.0,0.0,8.588271247014074,14986.533326039558,8570.808341251337,873.0,1323.0,1765.0,174.0,179.0,119.44056447596326,882.7925519648011,0.40697313174295346,0.413908279915546,0.4315017836944227,0.2822469403926863,0.40927320747334445,0.43630433724383,0.9,0.6,0.0,0.0,0.2,0.95,0.7,0.0
265,0.025,0.0,253.62543484850104,225.0,0.0,8.71719998680153,15786.84917609757,8871.349994309523,840.0,1441.0,1830.0,223.0,226.0,143.1571287462354,912.7850554129434,0.4075437785409669,0.4144452882608181,0.4270949720670391,0.281039404373032,0.41326002268356427,0.44056714663532176,0.9,0.6,0.0,0.0,0.2,0.95,0.7,0.0
275,0.025,0.0,249.92334717726754,213.0,0.0,8.41010284229679,15306.387172980158,8522.613129413705,873.0,1403.0,1838.0,215.0,215.0,140.4642372953509,916.610813606406,0.40822867021552967,0.41609896705430804,0.42905589008934586,0.2772814853739709,0.4133077415227127,0.4390553642513493,0.9,0.6,0.0,0.0,0.2,0.95,0.7,0.0
285,0.025,0.0,228.82824364291926,202.0,0.0,8.56536009366699,15648.912891129592,8827.581629967668,908.0,1428.0,1847.0,201.0,203.0,129.7214710135349,912.5234512676249,0.4073671936590962,0.4136881405005905,0.42974955510221796,0.2830509468253503,0.4114834894036471,0.4416089108910891,0.9,0.6,0.0,0.0,0.2,0.95,0.7,0.0
295,0.025,0.0,193.8407605246135,171.0,0.0,8.541138516847008,15305.720222189839,8821.674014134234,882.0,1388.0,1812.0,171.0,173.0,113.02963695180385,906.8504976248771,0.4075689009105037,0.41416518548467074,0.43480840217964495,0.2783311678937491,0.41516103692065986,0.4367894608441083,0.9,0.6,0.0,0.0,0.2,0.95,0.7,0.0
305,0.025,0.0,207.1516902202894,179.0,0.0,8.365053305345862,15115.651322759973,8641.0108365347,882.0,1333.0,1824.0,180.0,180.0,119.08186829433541,881.8673913130506,0.4086815596000832,0.4145098698282711,0.4332026997605051,0.2829668718850777,0.41610039184564257,0.4411936378228513,0.9,0.6,0.0,0.0,0.2,0.95,0.7,0.0
315,0.025,0.0,248.58109574843832,212.0,0.0,8.521863870140956,15347.876830123863,8528.403954520418,854.0,1416.0,1819.0,211.0,212.0,138.12985492814192,922.6031819728724,0.4085098353695929,0.41519829254975926,0.4297732657985696,0.27993009030002913,0.4108415503270526,0.44748074375705243,0.9,0.6,0.0,0.0,0.2,0.95,0.7,0.0
325,0.025,0.0,198.80708228218623,181.0,0.0,8.516544134427328,15636.375030808575,9104.303424316096,900.0,1358.0,1856.0,179.0,181.0,115.75572960060954,868.487739213413,0.4079891377625967,0.41509181433695597,0.42833886970103613,0.2802512737378416,0.4142839490918077,0.4417195968315472,0.9,0.6,0.0,0.0,0.2,0.95,0.7,0.0
335,0.025,0.0,236.55639424381215,204.0,0.0,8.720323449110301,15330.32862353591,8623.73645202517,833.0,1432.0,1778.0,202.0,204.0,133.06955448222337,934.0960883261953,0.4081535088442327,0.41406386585282423,0.42823488351801764,0.28463126843657816,0.4158053666560283,0.4422702017740521,0.9,0.6,0.0,0.0,0.2,0.95,0.7,0.0
345,0.025,0.0,230.49181331822808,193.0,0.0,8.434737199973108,14912.615369552457,8373.39935078453,850.0,1347.0,1788.0,193.0,194.0,130.09119808460676,903.2620815462129,0.4073163944400685,0.41405880106911036,0.42565470205045247,0.2772949404500629,0.4175951203915492,0.44150062566175763,0.9,0.6,0.0,0.0,0.2,0.95,0.7,0.0
355,0.025,0.0,246.93722701290494,216.0,0.0,8.619725623697505,15412.069415171138,8747.16228949602,878.0,1389.0,1803.0,215.0,217.0,140.79874295556462,901.2417233423007,0.4084996463605892,0.4154694018140763,0.42848731982816896,0.28360238897758855,0.40970223325062033,0.44317195486546435,0.9,0.6,0.0,0.0,0.2,0.95,0.7,0.0
365,0.025,0.0,225.3023097729445,199.0,0.0,8.610633148207167,15456.086501031867,8832.57700289662,869.0,1440.0,1814.0,197.0,200.0,129.39886172780396,931.6718044401886,0.4074673184147077,0.4135752365491828,0.4296967734973562,0.2805078285345687,0.41460591133004926,0.44159150421879545,0.9,0.6,0.0,0.0,0.2,0.95,0.7,0.0
375,0.025,0.0,242.1618114882157,211.0,0.0,8.634445291613906,15352.043728489523,8713.182260377494,845.0,1427.0,1793.0,214.0,214.0,139.39512144749168,929.5179360073394,0.4092723678034487,0.4154619808453994,0.43095170855690484,0.2859364455268331,0.41916773620298153,0.43844893767878534,0.9,0.6,0.0,0.0,0.2,0.95,0.7,0.0
385,0.025,0.0,197.91024030763973,175.0,0.0,8.374234594808613,15592.824815533635,8842.392375855483,913.0,1431.0,1880.0,174.0,177.0,113.51374885176153,917.7298000388179,0.40879441241852227,0.41511839152405233,0.4284419703540682,0.28552677633881696,0.4152416628153049,0.4428634296611413,0.9,0.6,0.0,0.0,0.2,0.95,0.7,0.0
395,0.025,0.0,219.04474383439782,190.0,0.0,8.580783826143975,15342.441481145426,8674.026898524613,843.0,1398.0,1802.0,189.0,191.0,124.49126837780217,911.1978701160599,0.4084449493506156,0.41427847252131555,0.4327235951103685,0.281497732923797,0.4149070475530361,0.4436877562975981,0.9,0.6,0.0,0.0,0.2,0.95,0.7,0.0
6,0.025,0.0,230.3207800909202,204.0,0.0,8.460625944867747,15719.843005564273,8857.212098685583,902.0,1446.0,1876.0,203.0,205.0,130.40842706090461,919.8565147808198,0.4085323270607007,0.4146186928807311,0.4294981666702827,0.2814581245948017,0.414338852016629,0.44579935845637747,0.9,0.6,0.0,0.0,0.2,0.95,0.7,0.0
16,0.025,0.0,207.0878177889702,181.0,0.0,8.245272996449234,15352.698319388475,8740.25338296072,869.0,1335.0,1876.0,179.0,181.0,117.89458519576353,869.553984731184,0.4090441980727571,0.41589870983251864,0.4318320544122776,0.27956419316843345,0.4134445100354191,0.44282489202983905,0.9,0.6,0.0,0.0,0.2,0.95,0.7,0.0
26,0.025,0.0,231.0894754080691,203.0,0.0,8.53649751813833,15519.352487975482,8784.476213879178,866.0,1392.0,1836.0,202.0,203.0,130.80442638137512,896.9446380437153,0.40914712733378267,0.41488563429637954,0.4320268361581921,0.2809232937859744,0.42321047671015427,0.4400462507380437,0.9,0.6,0.0,0.0,0.2,0.95,0.7,0.0
36,0.025,0.0,232.87620953864874,193.0,0.0,8.425098753547115,14878.724398764205,8287.664952223005,867.0,1349.0,1785.0,194.0,195.0,131.05962229947366,906.663746061487,0.4100038501784546,0.4166304654335383,0.4306913407821229,0.2847351472717067,0.41261132706785414,0.4456371873153437,0.9,0.6,0.0,0.0,0.2,0.95,0.7,0.0
46,0.025,0.0,239.40277790945402,207.0,0.0,8.551348355283874,15204.297375694729,8646.516210362886,841.0,1355.0,1797.0,206.0,208.0,136.8034279127587,891.1954077970579,0.409222709809935,0.4154976594421575,0.4324585271658036,0.28535691430566057,0.41422634814940823,0.4418604651162791,0.9,0.6,0.0,0.0,0.2,0.95,0.7,0.0
56,0.025,0.0,235.79583372192613,209.0,0.0,8.62043298674695,15542.64067510475,8863.600204508853,909.0,1380.0,1823.0,205.0,210.0,135.1121758456175,887.8800126997721,0.40819406602551594,0.4140083165131349,0.4310382229163955,0.28086274046972737,0.4161342050080178,0.44230210250944674,0.9,0.6,0.0,0.0,0.2,0.95,0.7,0.0
66,0.025,0.0,234.64526907661724,203.0,0.0,8.678893571489976,15188.063750107456,8651.357037746868,847.0,1380.0,1770.0,201.0,205.0,134.97441370599304,908.6082483622947,0.40779719353984645,0.41368359835325447,0.42985196836820444,0.2795120942733099,0.4170328313996544,0.44222396164571204,0.9,0.6,0.0,0.0,0.2,0.95,0.7,0.0
76,0.025,0.0,211.2311301803352,184.0,0.0,8.542987993509156,15146.717712491734,8710.837263565883,853.0,1346.0,1790.0,183.0,185.0,122.13867288714809,888.6413713843316,0.40914653342075424,0.4152818208907328,0.43141227509964986,0.2843430964777057,0.41349060811815436,0.4460821769244041,0.9,0.6,0.0,0.0,0.2,0.95,0.7,0.0
86,0.025,0.0,235.6469904186469,203.0,0.0,8.471802742533916,15147.583303650641,8614.580633487118,855.0,1346.0,1801.0,202.0,204.0,134.67494841294916,888.5905909991645,0.40941553537375147,0.4156059640918644,0.4314742852180709,0.28203405672225956,0.41382708749106856,0.44737748474709704,0.9,0.6,0.0,0.0,0.2,0.95,0.7,0.0
96,0.025,0.0,207.6061090269423,183.0,0.0,8.402741092563792,15494.654574687633,8814.769510286953,874.0,1407.0,1863.0,183.0,184.0,118.75063049200591,908.0550929470235,0.4103982483779309,0.41651106961856493,0.43082254478880605,0.2851935273546322,0.4142191314640823,0.4478834551429833,0.9,0.6,0.0,0.0,0.2,0.95,0.7,0.0
106,0.025,0.0,228.74724791986455,200.0,0.0,8.518932858474201,15334.079145253563,8743.274588818862,839.0,1342.0,1818.0,198.0,200.0,130.42843858146318,875.1748228816181,0.4079705033815901,0.413695606674658,0.4326457746327404,0.2814146197099734,0.41160399384034574,0.4443979005987729,0.9,0.6,0.0,0.0,0.2,0.95,0.7,0.0
116,0.025,0.0,253.1495976269156,209.0,0.0,8.605325133315036,14878.607155501699,8255.98784115067,849.0,1339.0,1746.0,206.0,209.0,140.4701379743853,899.9498313287173,0.4079837153981798,0.4142743787206802,0.42671087418194426,0.2803578786273471,0.4181212002353403,0.4428199331629644,0.9,0.6,0.0,0.0,0.2,0.95,0.7,0.0
126,0.025,0.0,244.75180895458385,208.0,0.0,8.284454662568322,15276.534397775988,8498.405012344423,926.0,1381.0,1864.0,208.0,208.0,136.15653562779355,904.0008447210716,0.407632685854719,0.4139146171055947,0.4243887517206721,0.28208055262849785,0.41717700878034386,0.44425044265197716,0.9,0.6,0.0,0.0,0.2,0.95,0.7,0.0
136,0.025,0.0,208.92267281153786,181.0,0.0,8.328766608932803,15341.588093654222,8663.492457004608,878.0,1379.0,1861.0,181.0,182.0,118.63178628507247,898.8639191599722,0.40832745035795337,0.4148367565410574,0.42839311522795953,0.282005080640397,0.41450422714167034,0.4426960270869364,0.9,0.6,0.0,0.0,0.2,0.95,0.7,0.0
146,0.025,0.0,235.90503438832116,207.0,0.0,8.342112725333395,15541.356007296115,8774.717357632104,918.0,1423.0,1883.0,206.0,208.0,133.83645539189203,915.621519339723,0.4059227191954327,0.41218236173393125,0.4302241503976862,0.2773151134830802,0.4083909841553225,0.4434982626143983,0.9,0.6,0.0,0.0,0.2,0.95,0.7,0.0
156,0.025,0.0,207.5484317953161,182.0,0.0,8.456721373419564,15365.862735503346,8769.037589235464,875.0,1402.0,1835.0,180.0,182.0,118.44437447660054,912.4121594296372,0.4080594994058581,0.41390464510194697,0.4295344612488783,0.2817153767072992,0.41485885561260843,0.4450013381669546,0.9,0.6,0.0,0.0,0.2,0.95,0.7,0.0
166,0.025,0.0,232.45053723469547,197.0,0.0,8.597860495820294,15029.060146693873,8474.92126039259,861.0,1330.0,1768.0,192.0,197.0,131.07938758455,884.9522105962004,0.4080461126663488,0.4152412775360712,0.432022993970566,0.27796033329421427,0.41498862273984,0.43639878621769773,0.9,0.6,0.0,0.0,0.2,0.95,0.7,0.0
176,0.025,0.0,224.41944347067738,193.0,0.0,8.52873690435582,15155.565479040293,8599.967855513258,865.0,1372.0,1797.0,191.0,194.0,128.00578128760446,905.277999621615,0.40891763890493243,0.4138438095238095,0.4331148179398974,0.2841142924334176,0.4172136406257711,0.4455140734949179,0.9,0.6,0.0,0.0,0.2,0.95,0.7,0.0
186,0.025,0.0,232.31336918799082,203.0,0.0,8.588410975188367,15390.432467537554,8738.197061561701,861.0,1386.0,1812.0,202.0,203.0,131.90012719147435,900.5594891004112,0.4085483350419562,0.41462609703402675,0.43105524777191406,0.2807510911913759,0.41366017594148463,0.44664577730625943,0.9,0.6,0.0,0.0,0.2,0.95,0.7,0.0
196,0.025,0.0,206.14155419348188,182.0,0.0,8.443143728453498,15602.929610182064,8828.884632798348,883.0,1402.0,1862.0,180.0,183.0,117.28566658442078,898.5492051986772,0.40889860519581084,0.414658247648843,0.42990856228788826,0.2853483304870149,0.41742008794031915,0.4424954614592022,0.9,0.6,0.0,0.0,0.2,0.95,0.7,0.0
206,0.025,0.0,216.54149900569516,189.0,0.0,8.60142009869723,15241.71641489149,8728.11913041339,844.0,1369.0,1788.0,189.0,190.0,124.65787633626738,898.1928037071054,0.4084342228563625,0.4138463704261739,0.43038333297012227,0.2825287490514272,0.41838151133623946,0.44470663422068185,0.9,0.6,0.0,0.0,0.2,0.95,0.7,0.0
216,0.025,0.0,230.1264117929639,195.0,0.0,8.43672177717549,15017.364763372372,8473.60363726673,855.0,1339.0,1799.0,194.0,195.0,129.84967940287936,891.6344652331051,0.4071602056438656,0.4140516065764675,0.4276408032960159,0.2797760132732875,0.40982811704526173,0.4424395260013711,0.9,0.6,0.0,0.0,0.2,0.95,0.7,0.0
226,0.025,0.0,257.9537257586634,220.0,0.0,8.707108956400546,15141.662475180548,8528.661462553475,841.0,1396.0,1757.0,219.0,220.0,145.29448160703154,921.9595287428002,0.40868824733001385,0.415447932618683,0.42838944894687137,0.2867774672745992,0.4124622577189052,0.4410780986792315,0.9,0.6,0.0,0.0,0.2,0.95,0.7,0.0
236,0.025,0.0,212.1994172715876,186.0,0.0,8.567539397166748,15404.435836105811,8765.33981061523,867.0,1342.0,1818.0,185.0,187.0,121.39360505608296,871.1776362848307,0.4080230911717062,0.4141477942640146,0.4274910149273477,0.28354978354978355,0.417395191734552,0.44238916256157634,0.9,0.6,0.0,0.0,0.2,0.95,0.7,0.0
246,0.025,0.0,211.72662254690977,185.0,0.0,8.54829500053865,15121.93385595287,8737.682478216066,827.0,1355.0,1787.0,184.0,187.0,123.66143231501172,896.0494159724111,0.40818743087740406,0.4147624596458385,0.4271255060728745,0.2793231063093177,0.41810035398668216,0.4407996655765117,0.9,0.6,0.0,0.0,0.2,0.95,0.7,0.0
256,0.025,0.0,215.95495338245857,188.0,0.0,8.209114059875894,15449.552660686433,8705.51923238593,906.0,1411.0,1902.0,186.0,188.0,121.68637120373882,913.2950519599759,0.40721482039452,0.4128970932111557,0.42778658443899154,0.28306439889518825,0.41431095406360424,0.44510919073294436,0.9,0.6,0.0,0.0,0.2,0.95,0.7,0.0
266,0.025,0.0,202.63934930911944,187.0,0.0,8.528913816879497,16000.242320465935,9228.217551899945,912.0,1435.0,1890.0,186.0,188.0,117.49822048602908,896.8614170077219,0.4097509809804371,0.4157310240986877,0.4306941431670282,0.28453409621672116,0.416095130014309,0.44662100792890985,0.9,0.6,0.0,0.0,0.2,0.95,0.7,0.0
276,0.025,0.0,218.6114257113898,191.0,0.0,8.403068103216505,15335.599288370122,8736.963284442309,885.0,1416.0,1840.0,193.0,193.0,125.85096700222412,923.3418097157999,0.4085396260855656,0.41521001975178967,0.4269195592526458,0.2802280926335389,0.4186319888325619,0.4425259482006014,0.9,0.6,0.0,0.0,0.2,0.95,0.7,0.0
286,0.025,0.0,232.86862301367736,200.0,0.0,8.57117134082669,15179.544444604067,8588.533629464247,818.0,1394.0,1791.0,200.0,202.0,133.07382229893318,918.3411301223408,0.40996894461355793,0.4159697796625089,0.42913760991033917,0.28501543299749577,0.41797620796005286,0.4476109810173883,0.9,0.6,0.0,0.0,0.2,0.95,0.7,0.0
296,0.025,0.0,225.2814399642975,195.0,0.0,8.654222194904225,15101.617730107873,8655.839559215508,840.0,1353.0,1765.0,194.0,195.0,129.12523908695647,895.9305050494979,0.407784683401101,0.4147553589942728,0.43006939761132984,0.278855945765079,0.4111086381284467,0.4437150076797305,0.9,0.6,0.0,0.0,0.2,0.95,0.7,0.0
306,0.025,0.0,243.36991792198634,208.0,0.0,8.396681815058422,15256.770857961154,8546.660235414782,869.0,1469.0,1836.0,206.0,209.0,136.98835877248655,962.8511915635538,0.4086785756536141,0.41458330145810063,0.4281828073993471,0.28222873900293255,0.4170869178285375,0.44630575751621143,0.9,0.6,0.0,0.0,0.2,0.95,0.7,0.0
316,0.025,0.0,231.28689291097226,201.0,0.0,8.548512214883168,15361.676450145053,8690.50543548828,853.0,1441.0,1817.0,199.0,201.0,130.8450940574927,938.0486593872985,0.40873380989454317,0.41447691949939197,0.4334303462056383,0.2819602897615626,0.4144830288485086,0.4443266955835962,0.9,0.6,0.0,0.0,0.2,0.95,0.7,0.0
326,0.025,0.0,240.83407728028016,209.0,0.0,8.52861126250993,15368.557495042895,8678.173884701873,833.0,1414.0,1822.0,207.0,209.0,135.99194333457297,920.0603247611779,0.40782556623044025,0.41389841549633094,0.42918248876085724,0.28055344292985435,0.41581695482981135,0.4435862338678138,0.9,0.6,0.0,0.0,0.2,0.95,0.7,0.0
336,0.025,0.0,254.28027943343736,214.0,0.0,8.554131425713392,15157.920886364129,8415.910210450218,885.0,1386.0,1790.0,213.0,214.0,141.18031199945875,914.3734225759338,0.40693037063607057,0.4137694392868989,0.43043335880362404,0.28089395267309375,0.4112937002636182,0.4379453027446564,0.9,0.6,0.0,0.0,0.2,0.95,0.7,0.0
346,0.025,0.0,199.43025484250575,174.0,0.0,8.568665702909442,15260.793616881716,8724.854718628898,848.0,1369.0,1798.0,172.0,174.0,114.01766144554804,897.0699914882487,0.40824446694359545,0.4146595216511565,0.43580822337469094,0.2807848443843031,0.41141573692048533,0.43940251494943033,0.9,0.6,0.0,0.0,0.2,0.95,0.7,0.0
356,0.025,0.0,240.90734743588635,207.0,0.0,8.580982936612331,15299.892575979788,8592.515014723233,922.0,1398.0,1802.0,206.0,208.0,135.94866693806176,913.7319056702421,0.4079705588987478,0.4151118476824732,0.43078024027410333,0.27664465927847204,0.4098522167487685,0.44389390129665235,0.9,0.6,0.0,0.0,0.2,0.95,0.7,0.0
366,0.025,0.0,219.2159134671155,187.0,0.0,8.435739698423257,15040.923882288665,8530.402608205348,868.0,1393.0,1800.0,186.0,187.0,124.3274691524771,926.1399172695219,0.407205930962837,0.4141841538490861,0.4278372869595386,0.27938761145002344,0.41487758480124515,0.43844103272942686,0.9,0.6,0.0,0.0,0.2,0.95,0.7,0.0
376,0.025,0.0,221.54271936998896,186.0,0.0,8.190969755491341,14891.183015483259,8395.67197373656,862.0,1334.0,1837.0,187.0,189.0,126.92074216231534,895.8321166377177,0.4090762308161914,0.4154560236962845,0.4291675675675676,0.280078663887992,0.41716707021791766,0.4449938499384994,0.9,0.6,0.0,0.0,0.2,0.95,0.7,0.0
386,0.025,0.0,234.9929067614466,197.0,0.0,8.290042843677055,14971.817375680763,8383.23176282018,867.0,1345.0,1824.0,196.0,197.0,131.58055235164295,898.3545325530952,0.4070594012422771,0.41336257287599426,0.4301252110606758,0.2819570626699844,0.4129653338585779,0.4407308160779537,0.9,0.6,0.0,0.0,0.2,0.95,0.7,0.0
396,0.025,0.0,222.09370881343975,190.0,0.0,8.353685276640999,15120.170350720207,8554.94741454389,877.0,1389.0,1829.0,188.0,191.0,126.32132811314672,918.6404437128838,0.40732521259046023,0.41336893296462285,0.43009437259699407,0.2835408022130014,0.4145737968576024,0.4388843917874752,0.9,0.6,0.0,0.0,0.2,0.95,0.7,0.0
7,0.025,0.0,232.6033767841792,198.0,0.0,8.51168056536603,15244.419892570559,8512.34417734675,845.0,1401.0,1810.0,197.0,198.0,129.88359110765262,919.0248037465723,0.4086360793677867,0.4139944810927742,0.43005828476269775,0.2855759070095104,0.4171461023728981,0.44507881345413924,0.9,0.6,0.0,0.0,0.2,0.95,0.7,0.0
17,0.025,0.0,228.60979467548233,200.0,0.0,8.474233435005267,15406.156384839576,8748.531544062025,904.0,1374.0,1832.0,197.0,200.0,129.8182330518272,891.851261066053,0.40807224701255485,0.4140398020234035,0.4317095006223115,0.27946984990783813,0.4181023904186914,0.44077396144777464,0.9,0.6,0.0,0.0,0.2,0.95,0.7,0.0
27,0.025,0.0,265.78944629289896,224.0,0.0,8.553634397068414,15020.182001252135,8427.723640808254,838.0,1366.0,1770.0,222.0,224.0,149.13268027066954,909.443041293458,0.4080713262459474,0.41442098426408086,0.43010941302870176,0.28699604163612374,0.41478909655019575,0.43697623131585395,0.9,0.6,0.0,0.0,0.2,0.95,0.7,0.0
37,0.025,0.0,191.93733865528628,176.0,0.0,8.468682980291995,15861.843222086907,9169.659287403725,883.0,1399.0,1888.0,175.0,177.0,111.58854461096641,881.9908130550396,0.40877060794320996,0.4152654723562606,0.42777123926594307,0.2845583675397927,0.41617537775575925,0.4420004976362279,0.9,0.6,0.0,0.0,0.2,0.95,0.7,0.0
47,0.025,0.0,232.9323556955058,199.0,0.0,8.608325350225416,15185.085917797633,8543.252799973272,850.0,1361.0,1783.0,200.0,201.0,132.36671895574761,896.2741517351866,0.40745737765239787,0.413613922723547,0.42902811908748884,0.28179689786362305,0.41436940041350795,0.44186444825055055,0.9,0.6,0.0,0.0,0.2,0.95,0.7,0.0
57,0.025,0.0,242.0299141227956,205.0,0.0,8.535811641616673,15065.707547453429,8470.027382482638,846.0,1339.0,1780.0,206.0,207.0,137.3981270697037,888.7733920112717,0.40792132433904477,0.412810099963428,0.43136526527401453,0.2874348004454082,0.4122861011941401,0.4463035019455253,0.9,0.6,0.0,0.0,0.2,0.95,0.7,0.0
67,0.025,0.0,215.7095470584748,186.0,0.0,8.563249247868619,15182.64091647106,8622.705973675746,860.0,1350.0,1793.0,184.0,186.0,122.50833107579841,889.17337071144,0.4078726730811924,0.41526870957513057,0.42650665162004386,0.2786123451017068,0.4178125920832924,0.4379736246432438,0.9,0.6,0.0,0.0,0.2,0.95,0.7,0.0
77,0.025,0.0,205.65814131435792,184.0,0.0,8.508751389648946,15622.067551395467,8946.886265919691,863.0,1367.0,1855.0,182.0,184.0,117.78210495803668,875.0442254219356,0.4077290470181728,0.41480987324883256,0.4282424162663684,0.28022743095845903,0.41106161841128436,0.4433680530264404,0.9,0.6,0.0,0.0,0.2,0.95,0.7,0.0
87,0.025,0.0,211.55627179354767,188.0,0.0,8.445621222637271,15539.943049652578,8886.524535820161,928.0,1364.0,1855.0,186.0,188.0,120.97856433534552,877.7380944330388,0.406282722513089,0.4135206153916562,0.43061078156573884,0.28492336383239114,0.4072861642238921,0.4338209683037269,0.9,0.6,0.0,0.0,0.2,0.95,0.7,0.0
97,0.025,0.0,212.69327647218657,183.0,0.0,8.239802852870636,15375.472123456606,8603.939110596686,901.0,1398.0,1886.0,181.0,184.0,119.6711219808933,909.2403724417871,0.4088457542604123,0.4149937672547625,0.4302203567681007,0.2806940285361987,0.41530462472323804,0.44589061128985086,0.9,0.6,0.0,0.0,0.2,0.95,0.7,0.0
107,0.025,0.0,266.6455475496562,222.0,0.0,8.629230505557636,15109.782615231423,8325.659364653668,842.0,1382.0,1770.0,222.0,222.0,146.92468161402454,914.6392341918105,0.40877980484067034,0.4152248605382573,0.4324809527979683,0.2793452066067125,0.4135710627088466,0.4441146893625371,0.9,0.6,0.0,0.0,0.2,0.95,0.7,0.0
117,0.025,0.0,246.46632629414606,210.0,0.0,8.503017183975189,15288.42489678739,8520.433730544382,902.0,1378.0,1814.0,208.0,210.0,137.3588197722893,901.3354935534032,0.4058077480876233,0.41172332315033244,0.42931408892496,0.28221350917839955,0.41235728676964406,0.43701046775492275,0.9,0.6,0.0,0.0,0.2,0.95,0.7,0.0
127,0.025,0.0,217.41460363120223,192.0,0.0,8.57350667372948,15526.620586124087,8831.053516795371,907.0,1407.0,1830.0,190.0,192.0,123.65858941100653,906.1856005275322,0.4067229236603478,0.4125042577701914,0.42939688631110723,0.28097669777542994,0.411477925163334,0.4442686014803272,0.9,0.6,0.0,0.0,0.2,0.95,0.7,0.0
137,0.025,0.0,227.28955463446374,200.0,0.0,8.402855003477892,15528.476046427144,8799.348492791412,874.0,1394.0,1866.0,198.0,200.0,128.79563931582123,897.705606031274,0.40854741748897405,0.4148454729233031,0.43029248524359087,0.28185611849065473,0.4132959354394253,0.44485168352636467,0.9,0.6,0.0,0.0,0.2,0.95,0.7,0.0
147,0.025,0.0,249.06223212040132,214.0,0.0,8.574291235022919,15193.644068460611,8592.230069493171,843.0,1350.0,1791.0,214.0,215.0,141.5065398605085,888.5294363334255,0.4085267874021702,0.4146749384780837,0.4251956587538375,0.2843528238812973,0.4153120213449281,0.4470665595090232,0.9,0.6,0.0,0.0,0.2,0.95,0.7,0.0
157,0.025,0.0,203.95892215724135,177.0,0.0,8.352636425560586,15235.20884022251,8678.218051355583,924.0,1305.0,1843.0,180.0,181.0,118.80375379045772,856.5685010858967,0.4064805562052176,0.41309128393082123,0.42841336578889133,0.28107208548655516,0.4134748837322555,0.4379420907066109,0.9,0.6,0.0,0.0,0.2,0.95,0.7,0.0
167,0.025,0.0,239.05541637021273,205.0,0.0,8.595419595291261,15299.846879618444,8575.417495771237,822.0,1405.0,1796.0,204.0,207.0,135.29547166629047,918.3098439185417,0.40834803668822106,0.41532216212475925,0.4283101045296167,0.2792164770272217,0.4148624785311691,0.4447775129610064,0.9,0.6,0.0,0.0,0.2,0.95,0.7,0.0
177,0.025,0.0,244.13015135226587,201.0,0.0,8.285613302755554,14740.10606560213,8233.313209639906,884.0,1358.0,1799.0,198.0,201.0,136.36265512977448,921.2959485882276,0.40811899670372515,0.41324734660254525,0.43385533829382245,0.28273372850519396,0.42007379337854006,0.439145223306714,0.9,0.6,0.0,0.0,0.2,0.95,0.7,0.0
187,0.025,0.0,207.43451452853714,179.0,0.0,8.495320458057405,15130.16573580024,8629.22934531103,823.0,1367.0,1798.0,179.0,179.0,118.3067014107183,903.4930772539213,0.40839590395044073,0.4148249981708468,0.4241486068111455,0.2828036339046835,0.4165916992876073,0.44649582748689165,0.9,0.6,0.0,0.0,0.2,0.95,0.7,0.0
197,0.025,0.0,237.43292358934931,197.0,0.0,8.486736230135824,14775.40777666647,8297.080161499429,823.0,1329.0,1761.0,194.0,197.0,133.32965355521702,899.4675612938245,0.4090923059829747,0.4161991102413967,0.4283171841012458,0.28433297195933077,0.41276824558830716,0.44273219491878385,0.9,0.6,0.0,0.0,0.2,0.95,0.7,0.0
207,0.025,0.0,221.21888379066996,194.0,0.0,8.58518869978777,15418.998904818834,8769.594922265947,827.0,1402.0,1816.0,193.0,195.0,126.46735446557265,909.2678510806813,0.4083559385768038,0.41575051765755666,0.4314556878597478,0.2784891351903165,0.41111274221961247,0.4421511409463217,0.9,0.6,0.0,0.0,0.2,0.95,0.7,0.0
217,0.025,0.0,228.51132132984316,205.0,0.0,8.546106012984508,15588.097367683742,8971.109125227722,868.0,1427.0,1843.0,202.0,205.0,131.51059758261007,915.4420621969979,0.40714589636913767,0.41351906080188267,0.43022419765997777,0.28230229403786045,0.4109212335494009,0.4409184338497017,0.9,0.6,0.0,0.0,0.2,0.95,0.7,0.0
227,0.025,0.0,221.4648824037583,191.0,0.0,8.393886252765485,15394.3873875719,8624.392180236639,895.0,1397.0,1850.0,189.0,191.0,124.07119243614521,907.4735907502348,0.4079447396487345,0.4153906812231086,0.42919853963838667,0.28319367402336837,0.409512254307207,0.43855665523113757,0.9,0.6,0.0,0.0,0.2,0.95,0.7,0.0
237,0.025,0.0,245.54656158372796,208.0,0.0,8.63454121245795,15119.08166301387,8470.898499186473,852.0,1372.0,1770.0,205.0,208.0,137.5744933694186,907.4625235713572,0.40785761209125154,0.4147598433312719,0.42962525172927063,0.2842914142160485,0.41160464774231503,0.43781009409751925,0.9,0.6,0.0,0.0,0.2,0.95,0.7,0.0
247,0.025,0.0,251.24618330295976,217.0,0.0,8.464278214505853,15472.7005761167,8636.947122827942,857.0,1426.0,1848.0,215.0,217.0,140.24701048953028,921.6232117883418,0.40909690768295387,0.41554226117627385,0.43355546844374754,0.2831578020946402,0.4123726782504494,0.44170572379125284,0.9,0.6,0.0,0.0,0.2,0.95,0.7,0.0
257,0.025,0.0,236.5643105343214,198.0,0.0,8.602740002655342,15054.795004646849,8369.81705113433,859.0,1346.0,1770.0,197.0,198.0,131.51955901019232,894.0673051904994,0.40923529647937384,0.4144846690228293,0.4328169321405193,0.28397786803225616,0.41893149209147446,0.4434752948055745,0.9,0.6,0.0,0.0,0.2,0.95,0.7,0.0
267,0.025,0.0,233.74814899204617,201.0,0.0,8.555848083432856,15160.962803843022,8598.998574608584,851.0,1404.0,1791.0,201.0,201.0,132.57733206036903,926.0625582724285,0.4087581405793847,0.4160167322985459,0.4321703314664284,0.28106794695395065,0.4122314212497536,0.439024980049815,0.9,0.6,0.0,0.0,0.2,0.95,0.7,0.0
277,0.025,0.0,205.32963535459217,176.0,0.0,8.352740575130584,14934.700148333484,8571.582942523537,861.0,1344.0,1808.0,175.0,177.0,118.515938212359,899.9176325277429,0.40915055078410156,0.4158896415627787,0.43023156455609673,0.2840556822834415,0.41380753138075316,0.4415720993934651,0.9,0.6,0.0,0.0,0.2,0.95,0.7,0.0
287,0.025,0.0,201.10086119429818,177.0,0.0,8.431078473532345,15487.891155878919,8801.5535562022,864.0,1427.0,1857.0,175.0,177.0,114.28282793220306,921.3649460974789,0.40830636334193066,0.4147924487866855,0.42949640287769786,0.2815068292825597,0.4136927329207739,0.44385000490821636,0.9,0.6,0.0,0.0,0.2,0.95,0.7,0.0
297,0.025,0.0,204.30522284178355,178.0,0.0,8.43073445041414,15082.5839317909,8712.454704980566,887.0,1350.0,1806.0,177.0,179.0,118.67992965230967,895.0720951431175,0.407327723180133,0.4129609235559944,0.43252865578325805,0.28428434253789975,0.41529542370790673,0.43845147918774213,0.9,0.6,0.0,0.0,0.2,0.95,0.7,0.0
307,0.025,0.0,219.78301194627096,192.0,0.0,8.688890101904299,15257.69101894395,8735.889016160043,841.0,1357.0,1771.0,191.0,192.0,125.83817548907813,889.3875215556199,0.40825966105226275,0.41475012870135564,0.4327794727715709,0.28341156673456736,0.40945641685429396,0.442058487661983,0.9,0.6,0.0,0.0,0.2,0.95,0.7,0.0
317,0.025,0.0,231.35304565408794,206.0,0.0,8.531606383816245,15553.118437697012,8904.140397961519,892.0,1414.0,1843.0,204.0,206.0,132.44932251059416,909.1424370387385,0.40719515549274937,0.4138304840631117,0.42734160535851545,0.2831279342723005,0.4108438524997515,0.4422568322068763,0.9,0.6,0.0,0.0,0.2,0.95,0.7,0.0
327,0.025,0.0,217.91505140372675,191.0,0.0,8.407962777941004,15529.507250857034,8764.883323554288,842.0,1442.0,1867.0,191.0,192.0,123.63560343449018,928.5548966277856,0.40832032962629466,0.41519631098544507,0.4310265660872417,0.278144142559864,0.4148385321559897,0.44083866868676996,0.9,0.6,0.0,0.0,0.2,0.95,0.7,0.0
337,0.025,0.0,239.80457150637628,201.0,0.0,8.66377592715717,14893.030818783176,8381.825197800932,877.0,1338.0,1738.0,199.0,201.0,134.96245488627986,898.4067892429973,0.4079916102060045,0.4138478306595025,0.4257831220319784,0.2827234446355495,0.4164723210997913,0.44572344096623123,0.9,0.6,0.0,0.0,0.2,0.95,0.7,0.0
347,0.025,0.0,245.0141707319141,206.0,0.0,8.659804919745733,14929.503681641643,8407.676967606823,830.0,1382.0,1740.0,204.0,207.0,138.65162862348976,925.6838200853276,0.40892399950066305,0.41510375593829885,0.4332514861721375,0.2860633537447009,0.4141522289273895,0.4386643666830951,0.9,0.6,0.0,0.0,0.2,0.95,0.7,0.0
357,0.025,0.0,215.63224417318855,185.0,0.0,8.355764341165186,15199.135336579471,8579.421909249075,896.0,1338.0,1837.0,184.0,186.0,122.37538246821009,880.3132351745436,0.40794494913005885,0.41457823784858877,0.4314725255487231,0.2834307877648165,0.4124790206338237,0.4381179761732504,0.9,0.6,0.0,0.0,0.2,0.95,0.7,0.0
367,0.025,0.0,234.4944918989981,208.0,0.0,8.524439618358905,15659.395578925309,8870.144382307715,919.0,1426.0,1856.0,204.0,208.0,132.82760432971634,910.635402760459,0.40775246482695476,0.4145406603485173,0.42795830778663396,0.2818956091385164,0.4139913869041793,0.4425622671111983,0.9,0.6,0.0,0.0,0.2,0.95,0.7,0.0
377,0.025,0.0,240.2815306733627,195.0,0.0,8.38991722396547,14573.286218028023,8115.4801808334505,861.0,1294.0,1757.0,195.0,195.0,133.806471020087,887.9260179486799,0.4085246367207838,0.4144931525703668,0.429373081981587,0.28098955276440896,0.41957038210255393,0.44246293849992663,0.9,0.6,0.0,0.0,0.2,0.95,0.7,0.0
387,0.025,0.0,210.73769288570708,188.0,0.0,8.667722475091425,15402.542838237461,8921.042905312683,853.0,1359.0,1796.0,188.0,190.0,123.3562548700186,882.3218440439751,0.41037974563805685,0.41689783413860904,0.4325863536188876,0.28351772543421366,0.4156024156024156,0.4430722965811334,0.9,0.6,0.0,0.0,0.2,0.95,0.7,0.0
397,0.025,0.0,217.00540788941507,189.0,0.0,8.452592376839043,15383.71812584706,8709.460369591965,869.0,1415.0,1839.0,188.0,189.0,122.8571652534704,919.803644622543,0.40758891930487096,0.41542461738471537,0.42604427963791036,0.2806910922035076,0.41255415566953835,0.4393377870970888,0.9,0.6,0.0,0.0,0.2,0.95,0.7,0.0
8,0.025,0.0,218.8400386848854,193.0,0.0,8.437304389686666,15533.077381413153,8819.22710121189,916.0,1382.0,1861.0,188.0,194.0,124.89476182751783,889.7142311630394,0.4075870165876107,0.41328965661721295,0.4292499288669045,0.2853170189098999,0.4163228656020968,0.44036471168063085,0.9,0.6,0.0,0.0,0.2,0.95,0.7,0.0
18,0.025,0.0,213.5535813531364,191.0,0.0,8.406670552697769,15661.627239675943,8943.891214081708,913.0,1423.0,1882.0,189.0,191.0,121.95412205708455,908.590134488122,0.4073963044442976,0.4144877512370945,0.4307912717654838,0.2796435105943457,0.4098480598980562,0.43897205949711915,0.9,0.6,0.0,0.0,0.2,0.95,0.7,0.0
28,0.025,0.0,226.72376823044934,193.0,0.0,8.575587711139354,15024.429669916148,8512.561409257656,866.0,1363.0,1772.0,192.0,193.0,128.45745511821292,907.1891778555658,0.40699338622779196,0.41334186432673703,0.4268827288390657,0.28493270918665886,0.4115749340111448,0.4416198640260124,0.9,0.6,0.0,0.0,0.2,0.95,0.7,0.0
38,0.025,0.0,208.6898620709232,184.0,0.0,8.578720604468053,15390.224764415689,8816.91128520022,855.0,1390.0,1811.0,183.0,184.0,119.55640857528816,903.1706952154921,0.40825438952747056,0.4144273942110519,0.43000896900225316,0.2790407787736689,0.4148349628758362,0.44419741021255804,0.9,0.6,0.0,0.0,0.2,0.95,0.7,0.0
48,0.025,0.0,198.80777189424987,174.0,0.0,8.561292543942587,15281.907190937516,8752.172932784255,871.0,1350.0,1803.0,174.0,175.0,114.51450255095031,883.3975911073309,0.4084786156822267,0.4140648253440078,0.4291835379308867,0.28146187700725583,0.4159982284336401,0.44651439330129317,0.9,0.6,0.0,0.0,0.2,0.95,0.7,0.0
58,0.025,0.0,204.37135482991096,185.0,0.0,8.617237387018756,15631.668620052023,9052.14921895327,893.0,1373.0,1834.0,183.0,185.0,118.34948942218831,878.3451296035922,0.4083512492977811,0.4136458341341903,0.42913598376055456,0.2811274366329099,0.42172902970688547,0.44427016959121657,0.9,0.6,0.0,0.0,0.2,0.95,0.7,0.0
68,0.025,0.0,207.42447356674415,176.0,0.0,8.436773171885612,15059.640111815817,8485.016110857694,887.0,1297.0,1805.0,176.0,177.0,117.53268915179821,861.2423606208038,0.40619520057475883,0.41346785905373384,0.4291418472213131,0.2822055430624106,0.4059947491248541,0.4384592460140069,0.9,0.6,0.0,0.0,0.2,0.95,0.7,0.0
78,0.025,0.0,206.97197130049304,186.0,0.0,8.38243949922113,15641.632105546629,8986.724087869618,947.0,1351.0,1880.0,188.0,188.0,120.19206098916872,863.7206084913136,0.4065534495687155,0.4127663956308828,0.4287317378450118,0.2821516178016587,0.41595032265919885,0.4368133233905046,0.9,0.6,0.0,0.0,0.2,0.95,0.7,0.0
88,0.025,0.0,216.68309714132343,187.0,0.0,8.509898196269353,15249.73756771468,8630.114783620444,867.0,1351.0,1807.0,187.0,188.0,123.28081002391546,885.9168847995202,0.40684162639284405,0.41466407256353705,0.4254291495333203,0.28025180694800655,0.40993697065195983,0.4392518764611788,0.9,0.6,0.0,0.0,0.2,0.95,0.7,0.0
98,0.025,0.0,180.45208902579455,161.0,0.0,8.349985054991444,15389.022456349234,8922.03580846249,891.0,1310.0,1861.0,161.0,161.0,104.62003058132798,851.2561494505569,0.40714654325322297,0.41348966895652073,0.4321711294718173,0.2836192905170415,0.4109917537377346,0.4388008966179767,0.9,0.6,0.0,0.0,0.2,0.95,0.7,0.0
108,0.025,0.0,231.2646835295853,200.0,0.0,8.46634948298121,15281.760816781085,8648.099525944883,861.0,1393.0,1824.0,197.0,200.0,130.87497075623483,911.5441713171757,0.40743654810341323,0.41440370154396156,0.4331543799921435,0.2790554775280899,0.4108806511719133,0.43839684559906167,0.9,0.6,0.0,0.0,0.2,0.95,0.7,0.0
118,0.025,0.0,236.10251349950894,203.0,0.0,8.438581483813312,15349.779719056416,8597.960139904322,879.0,1381.0,1836.0,201.0,204.0,132.90093000275337,899.6871781068745,0.40857049085881997,0.41377732355049807,0.42993980972105367,0.2821111768184506,0.4172064979071158,0.4469818962572586,0.9,0.6,0.0,0.0,0.2,0.95,0.7,0.0
128,0.025,0.0,256.54456955703535,213.0,0.0,8.491741764637554,14970.940731056007,8302.650894843655,856.0,1381.0,1782.0,211.0,214.0,142.9435890799262,922.4537220531687,0.40721636080385615,0.4133040986021666,0.4295969197972635,0.284604478052815,0.4137914086306891,0.4379145307451228,0.9,0.6,0.0,0.0,0.2,0.95,0.7,0.0
138,0.025,0.0,230.8101818867802,202.0,0.0,8.586851435574133,15310.35610962868,8751.780287538939,866.0,1372.0,1803.0,201.0,204.0,133.24314505768055,896.125465780087,0.4070011128253715,0.41344450552806794,0.43048945552984325,0.284680726420621,0.4131960578122325,0.4356376933339922,0.9,0.6,0.0,0.0,0.2,0.95,0.7,0.0
148,0.025,0.0,204.03431540880752,176.0,0.0,8.32924858317401,15309.158895873832,8625.99997688441,891.0,1323.0,1854.0,173.0,176.0,114.96385999849804,864.1885612387097,0.4069984024613928,0.4139139043116911,0.42566019795133336,0.28344843731710173,0.41060041204748354,0.44163185057753745,0.9,0.6,0.0,0.0,0.2,0.95,0.7,0.0
158,0.025,0.0,257.64817042995793,217.0,0.0,8.40595379234604,15197.96445656164,8422.338091432006,859.0,1374.0,1828.0,216.0,217.0,142.7822789165107,904.0684388538511,0.40797652792282063,0.4152365407236265,0.42781270323000214,0.2827549575070821,0.4113304129546685,0.4398956846922206,0.9,0.6,0.0,0.0,0.2,0.95,0.7,0.0
168,0.025,0.0,223.11827868584743,197.0,0.0,8.497713438349066,15482.833884672,8829.397625345515,916.0,1374.0,1840.0,192.0,197.0,127.23768882841915,887.4344388337457,0.4062749067585561,0.4131024482440669,0.4280118384401114,0.2819954727494341,0.4134726490473264,0.4361546654776944,0.9,0.6,0.0,0.0,0.2,0.95,0.7,0.0
178,0.025,0.0,239.25580525845558,205.0,0.0,8.529970228298515,14987.15769112049,8568.235148089685,853.0,1301.0,1777.0,201.0,205.0,136.7837746322355,868.0765404709189,0.40811702808759154,0.4142499553691823,0.42775715800636266,0.2872501559205251,0.41877462032059065,0.436017094856806,0.9,0.6,0.0,0.0,0.2,0.95,0.7,0.0
188,0.025,0.0,228.27105803570777,202.0,0.0,8.574729379539361,15545.984365104861,8849.128826852932,869.0,1416.0,1831.0,200.0,204.0,131.22359781726436,910.846149555129,0.4079764451433456,0.4142898619377612,0.43128900365827416,0.281963269377457,0.41344624195403706,0.44108971022037136,0.9,0.6,0.0,0.0,0.2,0.95,0.7,0.0
198,0.025,0.0,229.12685486317957,196.0,0.0,8.399616836556465,15152.908773147861,8554.213346883285,887.0,1377.0,1820.0,196.0,197.0,130.00804198669724,908.7364153080309,0.40714564954241655,0.41227895887144844,0.43246107266435985,0.28581025820773454,0.4144381791340965,0.4397090661412343,0.9,0.6,0.0,0.0,0.2,0.95,0.7,0.0
208,0.025,0.0,223.70463699248432,191.0,0.0,8.570191693229889,15134.958530243985,8538.043849596954,865.0,1363.0,1782.0,190.0,191.0,126.197901116364,900.5640796942624,0.4070963633790859,0.4135846237124799,0.4276575973029629,0.27827398556725425,0.4149327706349985,0.44094680929185126,0.9,0.6,0.0,0.0,0.2,0.95,0.7,0.0
218,0.025,0.0,225.96967161378356,196.0,0.0,8.61085683671508,15155.10803261854,8673.730355062591,844.0,1353.0,1779.0,194.0,196.0,129.32933211571083,892.7682977171262,0.4074062693524064,0.41343256113552185,0.42719957904891365,0.288687097994703,0.41503508513666026,0.4385534046036791,0.9,0.6,0.0,0.0,0.2,0.95,0.7,0.0
228,0.025,0.0,206.6604875727549,177.0,0.0,8.450765945277809,15177.575637718943,8564.772205798996,848.0,1348.0,1811.0,178.0,178.0,117.27828228221028,888.1523849237049,0.40942311417246574,0.41430440138360797,0.43135479025381607,0.28254686865169193,0.4198782961460446,0.45070770446854236,0.9,0.6,0.0,0.0,0.2,0.95,0.7,0.0
238,0.025,0.0,218.54807995410408,188.0,0.0,8.387306035334937,15298.446208450925,8602.22611150282,878.0,1404.0,1844.0,185.0,188.0,122.88829691485141,917.7402599385712,0.40939452958806455,0.4159777515333917,0.43182706081521033,0.28375217417381393,0.4157320099255583,0.4380903440512896,0.9,0.6,0.0,0.0,0.2,0.95,0.7,0.0
248,0.025,0.0,257.53824133984807,226.0,0.0,8.607012673979703,15509.836838511426,8775.395794590748,876.0,1419.0,1817.0,224.0,227.0,146.3587285691824,914.9032415844486,0.4059100819184042,0.41152494890812646,0.4284393775997535,0.2824837214759195,0.41703018670389114,0.4372396796056685,0.9,0.6,0.0,0.0,0.2,0.95,0.7,0.0
258,0.025,0.0,219.8737071405753,193.0,0.0,8.344343537188466,15462.068574410228,8777.766223617009,882.0,1427.0,1872.0,194.0,194.0,125.46833502023824,922.9036807931957,0.40860482584907315,0.4146993506418788,0.43493269648284844,0.284472378043408,0.41286717436455345,0.4393452278695364,0.9,0.6,0.0,0.0,0.2,0.95,0.7,0.0
268,0.025,0.0,239.52349269096925,197.0,0.0,8.225767623935209,14814.60749070731,8224.662966741529,857.0,1337.0,1818.0,197.0,197.0,132.9768609283582,902.4876297523601,0.40780662996479455,0.41339103947589967,0.43053711001284534,0.2809116975832407,0.4165974292556571,0.44386544342507644,0.9,0.6,0.0,0.0,0.2,0.95,0.7,0.0
278,0.025,0.0,203.3183655485289,179.0,0.0,8.532599439713168,15563.46137803682,8803.926763678193,869.0,1433.0,1843.0,178.0,179.0,115.01297536074145,920.7463334745391,0.40844147674807785,0.4150460064558372,0.4320363708591733,0.2807577565632458,0.41231463571889104,0.44090720441395476,0.9,0.6,0.0,0.0,0.2,0.95,0.7,0.0
288,0.025,0.0,244.82327633634702,213.0,0.0,8.595558576208592,15334.47649995613,8700.153154856605,833.0,1368.0,1802.0,214.0,215.0,140.2069382679057,892.1074025604419,0.40829789798875366,0.4146169551776842,0.4291717737699177,0.283495145631068,0.4123921264423543,0.444071261682243,0.9,0.6,0.0,0.0,0.2,0.95,0.7,0.0
298,0.025,0.0,198.40235166368794,176.0,0.0,8.433567392918226,15526.197570362454,8870.8625943274,908.0,1406.0,1857.0,175.0,179.0,115.28901341670954,905.5662171167241,0.4068447526631465,0.413104695620321,0.42874596387119296,0.2801549619877079,0.41668911143213927,0.43895886224150255,0.9,0.6,0.0,0.0,0.2,0.95,0.7,0.0
308,0.025,0.0,213.7001841696753,185.0,0.0,8.631583584512052,15105.27127289609,8656.988327773845,852.0,1363.0,1767.0,187.0,187.0,123.79784289974359,902.3340100125696,0.40690404680965425,0.413471324832752,0.4322206347144651,0.27609319206228417,0.41496382479468125,0.4376401587027773,0.9,0.6,0.0,0.0,0.2,0.95,0.7,0.0
318,0.025,0.0,217.7260112304748,186.0,0.0,8.467587162178502,14979.161689893768,8542.84699144692,858.0,1327.0,1786.0,185.0,186.0,124.17250300829025,885.8973736129095,0.40748206193353476,0.4149993308990805,0.4277226005117752,0.2819409964782634,0.40998137802607076,0.44029778123783575,0.9,0.6,0.0,0.0,0.2,0.95,0.7,0.0
328,0.025,0.0,218.2082752295545,186.0,0.0,8.512553198966044,14939.530864185406,8523.966371317885,844.0,1365.0,1772.0,185.0,186.0,124.50190149270249,913.683309341607,0.40928983489158544,0.41557721924357127,0.4306053737649363,0.27928035982009,0.41498749816149433,0.4456150619451761,0.9,0.6,0.0,0.0,0.2,0.95,0.7,0.0
338,0.025,0.0,226.50905188295383,197.0,0.0,8.642154647374129,15244.760797967965,8697.224166643799,837.0,1376.0,1783.0,193.0,197.0,129.22472356946324,902.6051757948295,0.41057398103728326,0.4171723289414041,0.43055189962270773,0.2846960653647795,0.4140721369714314,0.44917708204430146,0.9,0.6,0.0,0.0,0.2,0.95,0.7,0.0
348,0.025,0.0,234.21286075088267,198.0,0.0,8.48984646961502,15069.477483566661,8453.848322641856,853.0,1422.0,1795.0,196.0,198.0,131.3914169989769,943.6292675381067,0.40706776584480414,0.4125659252465031,0.4327800469279569,0.2835048515142605,0.41504459665894644,0.43784909358157764,0.9,0.6,0.0,0.0,0.2,0.95,0.7,0.0
358,0.025,0.0,239.62275428635024,201.0,0.0,8.529679697604177,14884.291072319289,8388.185028530475,876.0,1338.0,1761.0,202.0,203.0,136.3854005633661,898.9343150432701,0.40752755644483385,0.4144969352782676,0.4280431432973806,0.27924573267002295,0.41508309113942915,0.4378365208917042,0.9,0.6,0.0,0.0,0.2,0.95,0.7,0.0
368,0.025,0.0,272.8629347915521,226.0,0.0,8.493346627714251,15126.650343959082,8282.546699596556,839.0,1398.0,1801.0,228.0,228.0,150.72735524097916,924.196678188109,0.40818162022967613,0.4143228948031232,0.43098226825842695,0.2822848664688427,0.41040063153739886,0.44518223402685553,0.9,0.6,0.0,0.0,0.2,0.95,0.7,0.0
378,0.025,0.0,241.35027822488158,205.0,0.0,8.378379289894664,15139.731376839656,8493.878751985043,855.0,1388.0,1823.0,204.0,205.0,135.40530865270395,916.7930166339174,0.4075404628649221,0.41324491661217105,0.4288856627513088,0.28768401107710245,0.41169305724725946,0.4437962645227707,0.9,0.6,0.0,0.0,0.2,0.95,0.7,0.0
388,0.025,0.0,231.6371076037038,198.0,0.0,8.666576492208558,14941.177872567552,8547.853236828883,809.0,1356.0,1741.0,194.0,198.0,132.519672604617,907.5589699588922,0.40922830556976897,0.4158194123321441,0.42877770242184254,0.28264832127947315,0.4189993387701124,0.441230418401745,0.9,0.6,0.0,0.0,0.2,0.95,0.7,0.0
398,0.025,0.0,192.5594874589013,172.0,0.0,8.517357855287228,15365.313570938159,8932.304622835612,861.0,1360.0,1823.0,172.0,172.0,111.94044248164225,885.110475436241,0.4082314548041596,0.4151013973869132,0.43143478260869567,0.27721356446623474,0.4141041310193107,0.4422508861756597,0.9,0.6,0.0,0.0,0.2,0.95,0.7,0.0
9,0.025,0.0,230.05806753668338,199.0,0.0,8.547029483662628,15307.729805239767,8649.990071235772,830.0,1369.0,1811.0,196.0,200.0,130.65294628569998,894.3194173256164,0.4071553302550634,0.4137092408913827,0.4273687399904774,0.281790820165538,0.41147524849916345,0.44365649893141634,0.9,0.6,0.0,0.0,0.2,0.95,0.7,0.0
19,0.025,0.0,246.50962738224584,219.0,0.0,8.578183142241622,15569.402403168544,8884.034361076352,865.0,1369.0,1833.0,219.0,219.0,140.6605047059681,879.2887257647047,0.4072033547929833,0.41301545900351583,0.42755781359495443,0.28512480748554325,0.4143411614424683,0.44340091433114687,0.9,0.6,0.0,0.0,0.2,0.95,0.7,0.0
29,0.025,0.0,214.3598808997834,181.0,0.0,8.242326205860078,15050.487651900501,8443.74419505394,872.0,1357.0,1846.0,180.0,181.0,120.26188399094445,901.6319147829371,0.4078706953810662,0.41512749498615226,0.4288702007749208,0.28075664088525826,0.41134594541334124,0.4420693547991263,0.9,0.6,0.0,0.0,0.2,0.95,0.7,0.0
39,0.025,0.0,223.82397155243584,189.0,0.0,8.411788018442294,14930.923732735073,8444.135750478472,849.0,1363.0,1794.0,187.0,190.0,127.25267599045961,912.8705124999813,0.40820009341341096,0.41443014565406777,0.42861797801624885,0.28286502023816507,0.414814454549876,0.44313409512647717,0.9,0.6,0.0,0.0,0.2,0.95,0.7,0.0
49,0.025,0.0,226.32104092631528,195.0,0.0,8.60477752158045,15196.037103111075,8616.079141465567,865.0,1387.0,1783.0,192.0,196.0,128.98099594655045,912.7379662135994,0.4059919280459125,0.4121504662991177,0.4281020865516416,0.28028608429479634,0.4139466601419134,0.4381670420052874,0.9,0.6,0.0,0.0,0.2,0.95,0.7,0.0
59,0.025,0.0,222.2545321522277,195.0,0.0,8.399281083358163,15471.475755545738,8773.724347112058,919.0,1374.0,1862.0,190.0,195.0,126.03839677679255,888.0859342118613,0.4065852817370517,0.4122914542545432,0.4280321110870037,0.2818342151675485,0.41426557514901197,0.4420360686183471,0.9,0.6,0.0,0.0,0.2,0.95,0.7,0.0
69,0.025,0.0,225.08785103568127,192.0,0.0,8.633159205010415,15185.72704161332,8530.00280186441,846.0,1324.0,1776.0,190.0,192.0,126.43451279867209,871.8713278408429,0.40771979037348016,0.4145413981730294,0.42777414432090693,0.2799406424581006,0.415513428905066,0.44156354350815163,0.9,0.6,0.0,0.0,0.2,0.95,0.7,0.0
79,0.025,0.0,192.01850699078443,167.0,0.0,8.496069388709438,15021.050679238286,8697.07835026625,898.0,1262.0,1788.0,166.0,168.0,111.84304186670865,840.1542787844423,0.40676518201426287,0.41304264954788733,0.42843467855977374,0.2795844891695686,0.4117805403288958,0.4426680419460203,0.9,0.6,0.0,0.0,0.2,0.95,0.7,0.0
89,0.025,0.0,191.7144693387532,171.0,0.0,8.453714221765324,15495.65816849584,8919.514556715518,856.0,1337.0,1851.0,170.0,171.0,110.35349266264754,862.8223373681857,0.40842009274811775,0.414061130044296,0.43517217146872805,0.2831574651664432,0.41389101503666575,0.4423304125233829,0.9,0.6,0.0,0.0,0.2,0.95,0.7,0.0
99,0.025,0.0,242.1140848494084,209.0,0.0,8.306340812872659,15466.406593568889,8632.294157111723,933.0,1438.0,1882.0,210.0,210.0,135.778145188114,929.7570132405139,0.40708613404006444,0.4126542333059482,0.4290878631574307,0.28805468796039835,0.41174026735746233,0.441446303291959,0.9,0.6,0.0,0.0,0.2,0.95,0.7,0.0
109,0.025,0.0,192.677726098845,171.0,0.0,8.62266767902015,15287.989794902725,8874.923088529487,845.0,1325.0,1793.0,170.0,171.0,111.85250794516772,866.6934095166504,0.40902915121914335,0.41587204758182894,0.43308264062981044,0.27949602432179604,0.4147381392483056,0.4412639862289438,0.9,0.6,0.0,0.0,0.2,0.95,0.7,0.0
119,0.025,0.0,271.90574289669286,230.0,0.0,8.667342106127801,15176.51602782978,8458.81361495868,847.0,1401.0,1767.0,228.0,230.0,151.5499338439994,923.1367709367095,0.40628297962257737,0.4123390966562571,0.42936567000831766,0.2811061267855035,0.4130908912686549,0.4387684729064039,0.9,0.6,0.0,0.0,0.2,0.95,0.7,0.0
129,0.025,0.0,211.72189875573946,187.0,0.0,8.451522927460976,15398.6747738339,8832.340967040884,923.0,1334.0,1840.0,185.0,187.0,121.4390216992949,866.3083152238471,0.4068259417856671,0.4123915888599326,0.4305883883840465,0.2825423581039844,0.41483367109880875,0.4409047700294928,0.9,0.6,0.0,0.0,0.2,0.95,0.7,0.0
139,0.025,0.0,218.35403282610494,185.0,0.0,8.504889850214242,15147.208823231565,8472.479193793148,888.0,1366.0,1801.0,187.0,187.0,123.45508811708893,901.8163121280401,0.4061772514025752,0.4115214383451692,0.4331924399378025,0.28368093882530643,0.41029331480470493,0.44145129224652085,0.9,0.6,0.0,0.0,0.2,0.95,0.7,0.0
149,0.025,0.0,195.6088990391798,175.0,0.0,8.401692852991625,15467.51654235758,8946.423238389993,864.0,1383.0,1860.0,173.0,175.0,113.14033479179733,894.131902954604,0.40965802481112457,0.4157272855935218,0.43115187787318937,0.28035951082952704,0.41643978020890055,0.4473484011877592,0.9,0.6,0.0,0.0,0.2,0.95,0.7,0.0
159,0.025,0.0,244.28548104683193,213.0,0.0,8.775696626061967,15234.609342843574,8719.306570625284,808.0,1390.0,1754.0,210.0,214.0,140.4696340970017,912.396221471179,0.4112800100220532,0.41786805049815645,0.43308214348669133,0.2832804953927291,0.41574055861526354,0.44595418730027075,0.9,0.6,0.0,0.0,0.2,0.95,0.7,0.0
169,0.025,0.0,215.7210518837004,189.0,0.0,8.613667113616676,15332.327462237683,8761.31459352858,888.0,1361.0,1800.0,187.0,189.0,123.26895604433975,887.6669268589756,0.40853871412126586,0.4143898551940278,0.42978807251072776,0.2868878357030016,0.414423502780375,0.44533853331029544,0.9,0.6,0.0,0.0,0.2,0.95,0.7,0.0
179,0.025,0.0,230.6479561552704,204.0,0.0,8.484149300511845,15475.088324133605,8844.648068880731,866.0,1418.0,1840.0,203.0,204.0,131.82477264563286,916.3114098603303,0.407081736698119,0.41381129104383485,0.4273010515383617,0.2784302154027737,0.41173122138349216,0.44298842750170186,0.9,0.6,0.0,0.0,0.2,0.95,0.7,0.0
189,0.025,0.0,222.06009016368714,197.0,0.0,8.339234471950338,15611.046931491033,8871.472575499065,891.0,1387.0,1892.0,192.0,197.0,126.19268961558637,888.4734035371487,0.40884869709684574,0.4145514331708285,0.42644332482714997,0.2860323412233419,0.41786252377306293,0.44594923166699085,0.9,0.6,0.0,0.0,0.2,0.95,0.7,0.0
199,0.025,0.0,228.47641506622782,202.0,0.0,8.435062806347814,15495.210375260935,8841.175135798889,914.0,1393.0,1853.0,197.0,202.0,130.36286381920024,898.9874717829007,0.4078289490808332,0.41353288412697803,0.427663444890087,0.28339799640975155,0.4194222495390289,0.44299818262193624,0.9,0.6,0.0,0.0,0.2,0.95,0.7,0.0
209,0.025,0.0,250.18736618596998,218.0,0.0,8.603282051093862,15494.510974020046,8713.469561766586,883.0,1435.0,1817.0,216.0,218.0,140.69498570527648,926.1344242526227,0.4063630916151193,0.41223908737352727,0.4287300757773713,0.2828687589575595,0.4138600717832735,0.43923754807926385,0.9,0.6,0.0,0.0,0.2,0.95,0.7,0.0
219,0.025,0.0,217.8199537764402,190.0,0.0,8.334115802354304,15476.453044971944,8722.800492144386,910.0,1400.0,1876.0,189.0,190.0,122.76714790391071,904.6000371867106,0.40886258859148145,0.4151789481759945,0.42990776762687416,0.28319337600563743,0.414244077423212,0.44450161717142017,0.9,0.6,0.0,0.0,0.2,0.95,0.7,0.0
229,0.025,0.0,212.42319133196318,185.0,0.0,8.337882156037017,15341.70316710811,8709.030254182193,919.0,1400.0,1857.0,185.0,185.0,120.58635080140992,912.545357416075,0.40859426560093864,0.41453164673131637,0.4276980444868404,0.2833619617366582,0.4185341320908217,0.44271701814615005,0.9,0.6,0.0,0.0,0.2,0.95,0.7,0.0
239,0.025,0.0,241.80672130065722,208.0,0.0,8.33976516299158,15470.264377349378,8601.911430798375,898.0,1425.0,1870.0,208.0,208.0,134.45148377977364,921.1219441643146,0.4088908513059781,0.415758104375636,0.42905492799862033,0.28143888269467754,0.41288559541101455,0.4442629744289789,0.9,0.6,0.0,0.0,0.2,0.95,0.7,0.0
249,0.025,0.0,218.8786998162148,190.0,0.0,8.374707341340184,15384.337386041916,8680.607119812787,879.0,1431.0,1855.0,191.0,192.0,124.80225516517861,930.1668080279718,0.4059156568379828,0.4118474356034549,0.42467031060211696,0.2861208920187793,0.41386688966501056,0.4391948837439889,0.9,0.6,0.0,0.0,0.2,0.95,0.7,0.0
259,0.025,0.0,181.47661909999013,163.0,0.0,8.438670103762878,15586.223681650034,8981.87330182684,900.0,1394.0,1866.0,163.0,165.0,105.8627178527264,894.3795677981855,0.4070901367504481,0.41326788805813974,0.42835124280907416,0.2821069939514945,0.41157611355849244,0.44264435632072735,0.9,0.6,0.0,0.0,0.2,0.95,0.7,0.0
269,0.025,0.0,181.88542622982754,164.0,0.0,8.454208084889611,15538.834460027105,9016.665238080823,901.0,1342.0,1855.0,163.0,164.0,105.54202145719617,863.6426389973004,0.4087787779062947,0.41692658326429793,0.42707493956486703,0.2810774877886644,0.40741825280624694,0.44530222590229407,0.9,0.6,0.0,0.0,0.2,0.95,0.7,0.0
279,0.025,0.0,235.95614780571708,202.0,0.0,8.626635160700452,15139.744707029293,8560.912774619626,829.0,1380.0,1775.0,200.0,202.0,133.42365007397555,911.5081044657736,0.4078906264791079,0.41413427291765387,0.43213205313691966,0.2833098756744077,0.4110241994622342,0.4422025643574197,0.9,0.6,0.0,0.0,0.2,0.95,0.7,0.0
289,0.025,0.0,196.9933831150125,178.0,0.0,8.466204730273725,15797.938026690772,9035.836492846898,913.0,1403.0,1883.0,178.0,178.0,112.6729321885345,888.0905834860332,0.40831998938801034,0.415536819645331,0.42890995260663506,0.28195224719101125,0.4114608831880936,0.4419212466405306,0.9,0.6,0.0,0.0,0.2,0.95,0.7,0.0
299,0.025,0.0,228.03031210215752,195.0,0.0,8.46970211595576,15279.342617184193,8551.494676402497,888.0,1415.0,1815.0,191.0,195.0,127.62329171196781,926.0869629355614,0.40779897486241823,0.4143436197468548,0.4291498852366723,0.2758256894176948,0.4124582432697976,0.4470051672691104,0.9,0.6,0.0,0.0,0.2,0.95,0.7,0.0
309,0.025,0.0,253.09433143305816,215.0,0.0,8.638193923455942,15185.944917435545,8494.85639534626,819.0,1378.0,1777.0,214.0,216.0,142.23678616929686,907.4180154689401,0.4073269039034924,0.4133793293144154,0.4279383513796717,0.2801724137931034,0.4126991946011182,0.4461170615073072,0.9,0.6,0.0,0.0,0.2,0.95,0.7,0.0
319,0.025,0.0,220.16521108509139,190.0,0.0,8.719503875128458,15163.217238848389,8629.882943975519,862.0,1331.0,1758.0,188.0,190.0,125.30322358847248,877.782055769773,0.4047028009155478,0.4115496519262114,0.42894333843797855,0.28146559220824396,0.40831593597773136,0.43414789734530645,0.9,0.6,0.0,0.0,0.2,0.95,0.7,0.0
329,0.025,0.0,214.62420582840053,189.0,0.0,8.429969778160327,15435.27466381156,8806.08966125247,897.0,1369.0,1849.0,190.0,190.0,123.09466733718733,886.9294714979445,0.406962923561767,0.4134072895331927,0.42658068983424935,0.2821268568733789,0.4140503120124805,0.43974655781649813,0.9,0.6,0.0,0.0,0.2,0.95,0.7,0.0
339,0.025,0.0,244.5702277341733,212.0,0.0,8.589845840597128,15341.464671306472,8668.266859955893,856.0,1394.0,1806.0,211.0,212.0,138.1875880446467,908.6485742181014,0.40795100812746593,0.41381702768695305,0.4286210188319014,0.2821088872031277,0.4150227804457579,0.4456638639030113,0.9,0.6,0.0,0.0,0.2,0.95,0.7,0.0
349,0.025,0.0,213.90433778897932,183.0,0.0,8.585924480106067,15076.883387066253,8555.226223627731,810.0,1320.0,1769.0,182.0,183.0,121.37787054649972,875.5125088599981,0.407751894019954,0.41509289934504817,0.42478105741161204,0.2823803967327888,0.4082561921441081,0.44626920712968654,0.9,0.6,0.0,0.0,0.2,0.95,0.7,0.0
359,0.025,0.0,214.83717364863037,191.0,0.0,8.513947816875332,15512.412922346855,8890.4539543228,886.0,1365.0,1835.0,187.0,191.0,123.12720203885846,879.9404753038838,0.40830665180546977,0.41428631525808757,0.42764976958525347,0.2822462708394267,0.4139143883456396,0.44807020946470133,0.9,0.6,0.0,0.0,0.2,0.95,0.7,0.0
369,0.025,0.0,237.16063384124752,201.0,0.0,8.578695595058905,15064.189464923436,8475.268291555798,874.0,1329.0,1773.0,199.0,201.0,133.42901751735343,882.2246979132473,0.4089280034937317,0.414865316181636,0.43593767026261304,0.2807688911130082,0.41658659176583634,0.4400505150554675,0.9,0.6,0.0,0.0,0.2,0.95,0.7,0.0
379,0.025,0.0,246.37775450426852,214.0,0.0,8.593468945270198,15356.529005197845,8685.849111279746,844.0,1422.0,1807.0,213.0,214.0,139.3544074494736,925.9905018371564,0.4063418979037853,0.41322955127059513,0.42799878000958563,0.28120194013959543,0.4107388147566719,0.4368080166198216,0.9,0.6,0.0,0.0,0.2,0.95,0.7,0.0
389,0.025,0.0,228.1694958609329,192.0,0.0,8.731626774804592,14721.522742320542,8414.797047061109,838.0,1301.0,1703.0,188.0,192.0,130.42129089543843,883.7401013279449,0.40788316404698405,0.414695065890285,0.42801733477789816,0.28473890874992674,0.41225619915711065,0.44013325494806976,0.9,0.6,0.0,0.0,0.2,0.95,0.7,0.0
399,0.025,0.0,220.86347576364037,184.0,0.0,8.323706222857275,14857.815607800236,8330.938348398979,871.0,1286.0,1805.0,184.0,184.0,123.84054618594233,865.5377304082709,0.4082048256740015,0.41514608284384774,0.42816067104808025,0.2809176899124611,0.4124610745885028,0.4429288600465287,0.9,0.6,0.0,0.0,0.2,0.95,0.7,0.0
